INSERT INTO META_ENTITY (META_ENTITY_ID,SYSTEM_NAME,PARENT_ENTITY,ENTITY_NAME,TABLE_NAME,IS_ABSTRACT,IS_SYSTEM,TEMPLATE_ENABLED,MAJOR_TYPE,DESCRIPTION,META_ENT_NAME_PRM,META_ENT_NAME_SEC,DISCRIMINATOR_VALUE,CACHE_TIME,Created_By,Created_On,Updated_By,Updated_On) VALUES ("2201000149","Unison.Document.EForm.InvestmentRealEstate","2000000149","Investment Real Estate Form","EFORM",0,0,0,"Document","Investment Real Estate Form","Investment Real Estate Form","Investment Real Estate Form","2201000149",0,"System","2021-04-30T15:51:08.572","System","2021-04-30T15:51:08.593") );
INSERT INTO META_ENTITY_ATTRIB (ATTRIBUTE_ID,SYSTEM_NAME,META_ENT_ID,ATTRIBUTE_NAME,TABLE_COLUMN,ATTRIBUTE_TYPE,IS_MANDATORY,IS_SEARCH,IS_AUDIT,IS_SUMMARY,IS_INTERNAL_PRIMARY,IS_PRIMARY,TEMPLATE_ENABLED,ATTRIBUTE_SCOPE,DEFAULT_EXP,OPERATOR_TYPE,IS_SERIALIZED,Created_By,Created_On,Updated_By,Updated_On) VALUES ("2201000149_01","InvestmentRealEstate_SelectRequestType","2201000149","Select Request Type","STRING_VAL","String","1","0","0","0","0","0","1","None","''","Like","0","System","2021-04-30T15:51:08.597","System","2021-04-30T15:51:08.598") );
INSERT INTO META_ENTITY_ATTRIB (ATTRIBUTE_ID,SYSTEM_NAME,META_ENT_ID,ATTRIBUTE_NAME,TABLE_COLUMN,ATTRIBUTE_TYPE,IS_MANDATORY,IS_SEARCH,IS_AUDIT,IS_SUMMARY,IS_INTERNAL_PRIMARY,IS_PRIMARY,TEMPLATE_ENABLED,ATTRIBUTE_SCOPE,DEFAULT_EXP,OPERATOR_TYPE,IS_SERIALIZED,Created_By,Created_On,Updated_By,Updated_On) VALUES ("2201000149_02","InvestmentRealEstate_UniqueRegistrationNumber","2201000149","Unique Registration Number","STRING_VAL1","String","1","0","0","0","0","0","1","None","''","Like","0","System","2021-04-30T15:51:08.6","System","2021-04-30T15:51:08.601") );
INSERT INTO META_ENTITY_ATTRIB (ATTRIBUTE_ID,SYSTEM_NAME,META_ENT_ID,ATTRIBUTE_NAME,TABLE_COLUMN,ATTRIBUTE_TYPE,IS_MANDATORY,IS_SEARCH,IS_AUDIT,IS_SUMMARY,IS_INTERNAL_PRIMARY,IS_PRIMARY,TEMPLATE_ENABLED,ATTRIBUTE_SCOPE,DEFAULT_EXP,OPERATOR_TYPE,IS_SERIALIZED,Created_By,Created_On,Updated_By,Updated_On) VALUES ("2201000149_03","InvestmentRealEstate_RegistrationNumber","2201000149","Registration Number","STRING_VAL2","String","0","0","0","0","0","0","0","None","''","Like","0","System","2021-04-30T15:51:08.602","System","2021-04-30T15:51:08.603") );
INSERT INTO META_ENTITY_ATTRIB (ATTRIBUTE_ID,SYSTEM_NAME,META_ENT_ID,ATTRIBUTE_NAME,TABLE_COLUMN,ATTRIBUTE_TYPE,IS_MANDATORY,IS_SEARCH,IS_AUDIT,IS_SUMMARY,IS_INTERNAL_PRIMARY,IS_PRIMARY,TEMPLATE_ENABLED,ATTRIBUTE_SCOPE,DEFAULT_EXP,OPERATOR_TYPE,IS_SERIALIZED,Created_By,Created_On,Updated_By,Updated_On) VALUES ("2201000149_04","InvestmentRealEstate_RDAAccountNumber","2201000149","RDA Account Number","STRING_VAL3","String","1","0","0","0","0","0","0","None","''","Like","0","System","2021-04-30T15:51:08.605","System","2021-04-30T15:51:08.606") );
INSERT INTO META_ENTITY_ATTRIB (ATTRIBUTE_ID,SYSTEM_NAME,META_ENT_ID,ATTRIBUTE_NAME,TABLE_COLUMN,ATTRIBUTE_TYPE,IS_MANDATORY,IS_SEARCH,IS_AUDIT,IS_SUMMARY,IS_INTERNAL_PRIMARY,IS_PRIMARY,TEMPLATE_ENABLED,ATTRIBUTE_SCOPE,DEFAULT_EXP,OPERATOR_TYPE,IS_SERIALIZED,Created_By,Created_On,Updated_By,Updated_On) VALUES ("2201000149_05","InvestmentRealEstate_AccountTitle","2201000149","Account Title","STRING_VAL4","String","1","0","0","0","0","0","0","None","''","Like","0","System","2021-04-30T15:51:08.607","System","2021-04-30T15:51:08.607") );
INSERT INTO META_ENTITY_ATTRIB (ATTRIBUTE_ID,SYSTEM_NAME,META_ENT_ID,ATTRIBUTE_NAME,TABLE_COLUMN,ATTRIBUTE_TYPE,IS_MANDATORY,IS_SEARCH,IS_AUDIT,IS_SUMMARY,IS_INTERNAL_PRIMARY,IS_PRIMARY,TEMPLATE_ENABLED,ATTRIBUTE_SCOPE,DEFAULT_EXP,OPERATOR_TYPE,IS_SERIALIZED,Created_By,Created_On,Updated_By,Updated_On) VALUES ("2201000149_06","InvestmentRealEstate_AccountCurrency","2201000149","Account Currency","STRING_VAL5","String","1","0","0","0","0","0","0","None","''","Like","0","System","2021-04-30T15:51:08.609","System","2021-04-30T15:51:08.611") );
INSERT INTO META_ENTITY_ATTRIB (ATTRIBUTE_ID,SYSTEM_NAME,META_ENT_ID,ATTRIBUTE_NAME,TABLE_COLUMN,ATTRIBUTE_TYPE,IS_MANDATORY,IS_SEARCH,IS_AUDIT,IS_SUMMARY,IS_INTERNAL_PRIMARY,IS_PRIMARY,TEMPLATE_ENABLED,ATTRIBUTE_SCOPE,DEFAULT_EXP,OPERATOR_TYPE,IS_SERIALIZED,Created_By,Created_On,Updated_By,Updated_On) VALUES ("2201000149_07","InvestmentRealEstate_ProductType","2201000149","Product Type","STRING_VAL6","String","1","0","0","0","0","0","0","None","''","Like","0","System","2021-04-30T15:51:08.613","System","2021-04-30T15:51:08.613") );
INSERT INTO META_ENTITY_ATTRIB (ATTRIBUTE_ID,SYSTEM_NAME,META_ENT_ID,ATTRIBUTE_NAME,TABLE_COLUMN,ATTRIBUTE_TYPE,IS_MANDATORY,IS_SEARCH,IS_AUDIT,IS_SUMMARY,IS_INTERNAL_PRIMARY,IS_PRIMARY,TEMPLATE_ENABLED,ATTRIBUTE_SCOPE,DEFAULT_EXP,OPERATOR_TYPE,IS_SERIALIZED,Created_By,Created_On,Updated_By,Updated_On) VALUES ("2201000149_08","InvestmentRealEstate_AddressOfProperty","2201000149","Address of the Property","STRING_VAL7","String","1","0","0","0","0","0","0","None","''","Like","0","System","2021-04-30T15:51:08.615","System","2021-04-30T15:51:08.615") );
INSERT INTO META_ENTITY_ATTRIB (ATTRIBUTE_ID,SYSTEM_NAME,META_ENT_ID,ATTRIBUTE_NAME,TABLE_COLUMN,ATTRIBUTE_TYPE,IS_MANDATORY,IS_SEARCH,IS_AUDIT,IS_SUMMARY,IS_INTERNAL_PRIMARY,IS_PRIMARY,TEMPLATE_ENABLED,ATTRIBUTE_SCOPE,DEFAULT_EXP,OPERATOR_TYPE,IS_SERIALIZED,Created_By,Created_On,Updated_By,Updated_On) VALUES ("2201000149_09","InvestmentRealEstate_DateOfSale","2201000149","Date of Sales Agreement","STRING_VAL8","String","1","0","0","0","0","0","0","None","''","Like","0","System","2021-04-30T15:51:08.617","System","2021-04-30T15:51:08.617") );
INSERT INTO META_ENTITY_ATTRIB (ATTRIBUTE_ID,SYSTEM_NAME,META_ENT_ID,ATTRIBUTE_NAME,TABLE_COLUMN,ATTRIBUTE_TYPE,IS_MANDATORY,IS_SEARCH,IS_AUDIT,IS_SUMMARY,IS_INTERNAL_PRIMARY,IS_PRIMARY,TEMPLATE_ENABLED,ATTRIBUTE_SCOPE,DEFAULT_EXP,OPERATOR_TYPE,IS_SERIALIZED,Created_By,Created_On,Updated_By,Updated_On) VALUES ("2201000149_10","InvestmentRealEstate_PropertyValue_1","2201000149","Property Value as per Valuation Report-1","STRING_VAL9","String","1","0","0","0","0","0","0","None","''","Like","0","System","2021-04-30T15:51:08.619","System","2021-04-30T15:51:08.619") );
INSERT INTO META_ENTITY_ATTRIB (ATTRIBUTE_ID,SYSTEM_NAME,META_ENT_ID,ATTRIBUTE_NAME,TABLE_COLUMN,ATTRIBUTE_TYPE,IS_MANDATORY,IS_SEARCH,IS_AUDIT,IS_SUMMARY,IS_INTERNAL_PRIMARY,IS_PRIMARY,TEMPLATE_ENABLED,ATTRIBUTE_SCOPE,DEFAULT_EXP,OPERATOR_TYPE,IS_SERIALIZED,Created_By,Created_On,Updated_By,Updated_On) VALUES ("2201000149_11","InvestmentRealEstate_NameOfValuator_1","2201000149","Name of the Valuator -1","STRING_VAL10","String","1","0","0","0","0","0","0","None","''","Like","0","System","2021-04-30T15:51:08.62","System","2021-04-30T15:51:08.62") );
INSERT INTO META_ENTITY_ATTRIB (ATTRIBUTE_ID,SYSTEM_NAME,META_ENT_ID,ATTRIBUTE_NAME,TABLE_COLUMN,ATTRIBUTE_TYPE,IS_MANDATORY,IS_SEARCH,IS_AUDIT,IS_SUMMARY,IS_INTERNAL_PRIMARY,IS_PRIMARY,TEMPLATE_ENABLED,ATTRIBUTE_SCOPE,DEFAULT_EXP,OPERATOR_TYPE,IS_SERIALIZED,Created_By,Created_On,Updated_By,Updated_On) VALUES ("2201000149_12","InvestmentRealEstate_PropertyValue_2","2201000149","Property Value as per Valuation Report - 2","STRING_VAL11","String","1","0","0","0","0","0","0","None","''","Like","0","System","2021-04-30T15:51:08.622","System","2021-04-30T15:51:08.622") );
INSERT INTO META_ENTITY_ATTRIB (ATTRIBUTE_ID,SYSTEM_NAME,META_ENT_ID,ATTRIBUTE_NAME,TABLE_COLUMN,ATTRIBUTE_TYPE,IS_MANDATORY,IS_SEARCH,IS_AUDIT,IS_SUMMARY,IS_INTERNAL_PRIMARY,IS_PRIMARY,TEMPLATE_ENABLED,ATTRIBUTE_SCOPE,DEFAULT_EXP,OPERATOR_TYPE,IS_SERIALIZED,Created_By,Created_On,Updated_By,Updated_On) VALUES ("2201000149_13","InvestmentRealEstate_NameOfValuator_2","2201000149","Name of the Valuator -2","STRING_VAL12","String","1","0","0","0","0","0","0","None","''","Like","0","System","2021-04-30T15:51:08.623","System","2021-04-30T15:51:08.624") );
INSERT INTO META_ENTITY_ATTRIB (ATTRIBUTE_ID,SYSTEM_NAME,META_ENT_ID,ATTRIBUTE_NAME,TABLE_COLUMN,ATTRIBUTE_TYPE,IS_MANDATORY,IS_SEARCH,IS_AUDIT,IS_SUMMARY,IS_INTERNAL_PRIMARY,IS_PRIMARY,TEMPLATE_ENABLED,ATTRIBUTE_SCOPE,DEFAULT_EXP,OPERATOR_TYPE,IS_SERIALIZED,Created_By,Created_On,Updated_By,Updated_On) VALUES ("2201000149_14","InvestmentRealEstate_CounterPartyType","2201000149","Counter Party Type","STRING_VAL13","String","1","0","0","0","0","0","0","None","''","Like","0","System","2021-04-30T15:51:08.625","System","2021-04-30T15:51:08.626") );
INSERT INTO META_ENTITY_ATTRIB (ATTRIBUTE_ID,SYSTEM_NAME,META_ENT_ID,ATTRIBUTE_NAME,TABLE_COLUMN,ATTRIBUTE_TYPE,IS_MANDATORY,IS_SEARCH,IS_AUDIT,IS_SUMMARY,IS_INTERNAL_PRIMARY,IS_PRIMARY,TEMPLATE_ENABLED,ATTRIBUTE_SCOPE,DEFAULT_EXP,OPERATOR_TYPE,IS_SERIALIZED,Created_By,Created_On,Updated_By,Updated_On) VALUES ("2201000149_15","InvestmentRealEstate_NameOfCounterParty","2201000149","Name of the Counter Party","STRING_VAL14","String","1","0","0","0","0","0","0","None","''","Like","0","System","2021-04-30T15:51:08.628","System","2021-04-30T15:51:08.628") );
INSERT INTO META_ENTITY_ATTRIB (ATTRIBUTE_ID,SYSTEM_NAME,META_ENT_ID,ATTRIBUTE_NAME,TABLE_COLUMN,ATTRIBUTE_TYPE,IS_MANDATORY,IS_SEARCH,IS_AUDIT,IS_SUMMARY,IS_INTERNAL_PRIMARY,IS_PRIMARY,TEMPLATE_ENABLED,ATTRIBUTE_SCOPE,DEFAULT_EXP,OPERATOR_TYPE,IS_SERIALIZED,Created_By,Created_On,Updated_By,Updated_On) VALUES ("2201000149_16","InvestmentRealEstate_CNICOfCounterParty","2201000149","CNIC / NTN Number of the Counter Party","STRING_VAL15","String","1","0","0","0","0","0","0","None","''","Like","0","System","2021-04-30T15:51:08.629","System","2021-04-30T15:51:08.629") );
INSERT INTO META_ENTITY_ATTRIB (ATTRIBUTE_ID,SYSTEM_NAME,META_ENT_ID,ATTRIBUTE_NAME,TABLE_COLUMN,ATTRIBUTE_TYPE,IS_MANDATORY,IS_SEARCH,IS_AUDIT,IS_SUMMARY,IS_INTERNAL_PRIMARY,IS_PRIMARY,TEMPLATE_ENABLED,ATTRIBUTE_SCOPE,DEFAULT_EXP,OPERATOR_TYPE,IS_SERIALIZED,Created_By,Created_On,Updated_By,Updated_On) VALUES ("2201000149_17","InvestmentRealEstate_TotalAmountInvestmentFigures","2201000149","Total Amount of Investment Figures","STRING_VAL16","String","1","0","0","0","0","0","0","None","''","Like","0","System","2021-04-30T15:51:08.63","System","2021-04-30T15:51:08.63") );
INSERT INTO META_ENTITY_ATTRIB (ATTRIBUTE_ID,SYSTEM_NAME,META_ENT_ID,ATTRIBUTE_NAME,TABLE_COLUMN,ATTRIBUTE_TYPE,IS_MANDATORY,IS_SEARCH,IS_AUDIT,IS_SUMMARY,IS_INTERNAL_PRIMARY,IS_PRIMARY,TEMPLATE_ENABLED,ATTRIBUTE_SCOPE,DEFAULT_EXP,OPERATOR_TYPE,IS_SERIALIZED,Created_By,Created_On,Updated_By,Updated_On) VALUES ("2201000149_18","InvestmentRealEstate_TotalAmountInvestmentWords","2201000149","Total Amount of Investment Words","STRING_VAL17","String","1","0","0","0","0","0","0","None","''","Like","0","System","2021-04-30T15:51:08.631","System","2021-04-30T15:51:08.632") );
INSERT INTO META_ENTITY_ATTRIB (ATTRIBUTE_ID,SYSTEM_NAME,META_ENT_ID,ATTRIBUTE_NAME,TABLE_COLUMN,ATTRIBUTE_TYPE,IS_MANDATORY,IS_SEARCH,IS_AUDIT,IS_SUMMARY,IS_INTERNAL_PRIMARY,IS_PRIMARY,TEMPLATE_ENABLED,ATTRIBUTE_SCOPE,DEFAULT_EXP,OPERATOR_TYPE,IS_SERIALIZED,Created_By,Created_On,Updated_By,Updated_On) VALUES ("2201000149_19","InvestmentRealEstate_AmountPerInstallmentFigures","2201000149","Amount per Installament / Rent Figures","STRING_VAL18","String","1","0","0","0","0","0","0","None","''","Like","0","System","2021-04-30T15:51:08.632","System","2021-04-30T15:51:08.633") );
INSERT INTO META_ENTITY_ATTRIB (ATTRIBUTE_ID,SYSTEM_NAME,META_ENT_ID,ATTRIBUTE_NAME,TABLE_COLUMN,ATTRIBUTE_TYPE,IS_MANDATORY,IS_SEARCH,IS_AUDIT,IS_SUMMARY,IS_INTERNAL_PRIMARY,IS_PRIMARY,TEMPLATE_ENABLED,ATTRIBUTE_SCOPE,DEFAULT_EXP,OPERATOR_TYPE,IS_SERIALIZED,Created_By,Created_On,Updated_By,Updated_On) VALUES ("2201000149_20","InvestmentRealEstate_AmountPerInstallmentWords","2201000149","Amount per Installament / Rent Words","STRING_VAL19","String","1","0","0","0","0","0","0","None","''","Like","0","System","2021-04-30T15:51:08.633","System","2021-04-30T15:51:08.634") );
INSERT INTO META_ENTITY_ATTRIB (ATTRIBUTE_ID,SYSTEM_NAME,META_ENT_ID,ATTRIBUTE_NAME,TABLE_COLUMN,ATTRIBUTE_TYPE,IS_MANDATORY,IS_SEARCH,IS_AUDIT,IS_SUMMARY,IS_INTERNAL_PRIMARY,IS_PRIMARY,TEMPLATE_ENABLED,ATTRIBUTE_SCOPE,DEFAULT_EXP,OPERATOR_TYPE,IS_SERIALIZED,Created_By,Created_On,Updated_By,Updated_On) VALUES ("2201000149_21","InvestmentRealEstate_ModeOfPayment","2201000149","Mode of Payment","STRING_VAL20","String","1","0","0","0","0","0","0","None","''","Like","0","System","2021-04-30T15:51:08.635","System","2021-04-30T15:51:08.635") );
INSERT INTO META_ENTITY_ATTRIB (ATTRIBUTE_ID,SYSTEM_NAME,META_ENT_ID,ATTRIBUTE_NAME,TABLE_COLUMN,ATTRIBUTE_TYPE,IS_MANDATORY,IS_SEARCH,IS_AUDIT,IS_SUMMARY,IS_INTERNAL_PRIMARY,IS_PRIMARY,TEMPLATE_ENABLED,ATTRIBUTE_SCOPE,DEFAULT_EXP,OPERATOR_TYPE,IS_SERIALIZED,Created_By,Created_On,Updated_By,Updated_On) VALUES ("2201000149_22","InvestmentRealEstate_NumberOfTranches","2201000149","Number Of Tranches","STRING_VAL21","String","1","0","0","0","0","0","0","None","''","Like","0","System","2021-04-30T15:51:08.636","System","2021-04-30T15:51:08.636") );
INSERT INTO META_ENTITY_ATTRIB (ATTRIBUTE_ID,SYSTEM_NAME,META_ENT_ID,ATTRIBUTE_NAME,TABLE_COLUMN,ATTRIBUTE_TYPE,IS_MANDATORY,IS_SEARCH,IS_AUDIT,IS_SUMMARY,IS_INTERNAL_PRIMARY,IS_PRIMARY,TEMPLATE_ENABLED,ATTRIBUTE_SCOPE,DEFAULT_EXP,OPERATOR_TYPE,IS_SERIALIZED,Created_By,Created_On,Updated_By,Updated_On) VALUES ("2201000149_23","InvestmentRealEstate_AmountTranch_1","2201000149","Amount Tranch-1","CARD_TITLE1","String","1","0","0","0","0","0","0","None","''","Like","0","System","2021-04-30T15:51:08.637","System","2021-04-30T15:51:08.637") );
INSERT INTO META_ENTITY_ATTRIB (ATTRIBUTE_ID,SYSTEM_NAME,META_ENT_ID,ATTRIBUTE_NAME,TABLE_COLUMN,ATTRIBUTE_TYPE,IS_MANDATORY,IS_SEARCH,IS_AUDIT,IS_SUMMARY,IS_INTERNAL_PRIMARY,IS_PRIMARY,TEMPLATE_ENABLED,ATTRIBUTE_SCOPE,DEFAULT_EXP,OPERATOR_TYPE,IS_SERIALIZED,Created_By,Created_On,Updated_By,Updated_On) VALUES ("2201000149_24","InvestmentRealEstate_AmountTranch_2","2201000149","Amount Tranch-2","CARD_TITLE2","String","1","0","0","0","0","0","0","None","''","Like","0","System","2021-04-30T15:51:08.638","System","2021-04-30T15:51:08.638") );
INSERT INTO META_ENTITY_ATTRIB (ATTRIBUTE_ID,SYSTEM_NAME,META_ENT_ID,ATTRIBUTE_NAME,TABLE_COLUMN,ATTRIBUTE_TYPE,IS_MANDATORY,IS_SEARCH,IS_AUDIT,IS_SUMMARY,IS_INTERNAL_PRIMARY,IS_PRIMARY,TEMPLATE_ENABLED,ATTRIBUTE_SCOPE,DEFAULT_EXP,OPERATOR_TYPE,IS_SERIALIZED,Created_By,Created_On,Updated_By,Updated_On) VALUES ("2201000149_25","InvestmentRealEstate_AmountTranch_3","2201000149","Amount Tranch-3","CARD_TITLE3","String","1","0","0","0","0","0","0","None","''","Like","0","System","2021-04-30T15:51:08.639","System","2021-04-30T15:51:08.639") );
INSERT INTO META_ENTITY_ATTRIB (ATTRIBUTE_ID,SYSTEM_NAME,META_ENT_ID,ATTRIBUTE_NAME,TABLE_COLUMN,ATTRIBUTE_TYPE,IS_MANDATORY,IS_SEARCH,IS_AUDIT,IS_SUMMARY,IS_INTERNAL_PRIMARY,IS_PRIMARY,TEMPLATE_ENABLED,ATTRIBUTE_SCOPE,DEFAULT_EXP,OPERATOR_TYPE,IS_SERIALIZED,Created_By,Created_On,Updated_By,Updated_On) VALUES ("2201000149_26","InvestmentRealEstate_AmountTranch_4","2201000149","Amount Tranch-4","CARD_TITLE4","String","1","0","0","0","0","0","0","None","''","Like","0","System","2021-04-30T15:51:08.64","System","2021-04-30T15:51:08.641") );
INSERT INTO META_ENTITY_ATTRIB (ATTRIBUTE_ID,SYSTEM_NAME,META_ENT_ID,ATTRIBUTE_NAME,TABLE_COLUMN,ATTRIBUTE_TYPE,IS_MANDATORY,IS_SEARCH,IS_AUDIT,IS_SUMMARY,IS_INTERNAL_PRIMARY,IS_PRIMARY,TEMPLATE_ENABLED,ATTRIBUTE_SCOPE,DEFAULT_EXP,OPERATOR_TYPE,IS_SERIALIZED,Created_By,Created_On,Updated_By,Updated_On) VALUES ("2201000149_27","InvestmentRealEstate_Frequency","2201000149","Frequency","STRING_VAL22","String","1","0","0","0","0","0","0","None","''","Like","0","System","2021-04-30T15:51:08.641","System","2021-04-30T15:51:08.642") );
INSERT INTO META_VIEW (META_VIEW_ID,VIEW_NAME_PRM,SYSTEM_NAME,VIEW_NAME_SEC,VIEW_TYPE,META_ENT_ID,DIMENSION,IS_MAIN,IS_DEFAULT,IS_READ_ONLY,IS_PRIMARY_LINK,DISPLAY_ORDER,SELECT_CRITERIA,PAGE_SIZE,Created_By,Created_On,Updated_By,Updated_On) VALUES ("2201000149_001","Investment in Real Estate Form","EForm.View.InvestmentRealEstate.Detail","Investment in Real Estate Form","Detail","2201000149","0","1","1",0,1,1,"NULL",0,"System","2021-04-30T15:51:08.645","System","2021-04-30T15:51:08.645") );
INSERT INTO META_VIEW (META_VIEW_ID,VIEW_NAME_PRM,SYSTEM_NAME,VIEW_NAME_SEC,VIEW_TYPE,META_ENT_ID,DIMENSION,IS_MAIN,IS_DEFAULT,IS_READ_ONLY,IS_PRIMARY_LINK,DISPLAY_ORDER,SELECT_CRITERIA,PAGE_SIZE,Created_By,Created_On,Updated_By,Updated_On) VALUES ("2201000149_002","Investment in Real Estate","Unison.Document.EForm.InvestmentRealEstateFormSectionView","Investment in Real Estate","Section","2201000149","0x2","0","0",0,1,1,"NULL",0,"System","2021-04-30T15:51:08.646","System","2021-04-30T15:51:08.647") );
INSERT INTO META_VIEW_ATTRIB (VIEW_ATTRIB_ID,META_VIEW_ID,ATTRIBUTE_ID,SYSTEM_NAME,META_ENT_ID,IS_READ_ONLY,DISPLAY_ORDER,COMPONENT_TYPE,IS_AGGREGATED,DISPLAY_NAME_PRM,DISPLAY_NAME_SEC,IS_FOREIGN_VAL_DISPLAY,IS_POST_BACK,RENDER_AS_POPUP,Created_By,Created_On,Updated_By,Updated_On) VALUES ("2201000149_01","'2201000149_002","2201000149_01","InvestmentRealEstate_SelectRequestType","2201000149",0,1,"TextBox",0,"Select Request Type","Select Request Type",0,0,0,"System","2021-04-30T15:51:08.649","System","2021-04-30T15:51:08.649") );
INSERT INTO META_VIEW_ATTRIB (VIEW_ATTRIB_ID,META_VIEW_ID,ATTRIBUTE_ID,SYSTEM_NAME,META_ENT_ID,IS_READ_ONLY,DISPLAY_ORDER,COMPONENT_TYPE,IS_AGGREGATED,DISPLAY_NAME_PRM,DISPLAY_NAME_SEC,IS_FOREIGN_VAL_DISPLAY,IS_POST_BACK,RENDER_AS_POPUP,Created_By,Created_On,Updated_By,Updated_On) VALUES ("2201000149_02","'2201000149_002","2201000149_02","InvestmentRealEstate_UniqueRegistrationNumber","2201000149",0,3,"TextBox",0,"Unique Registration Number","Unique Registration Number",0,0,0,"System","2021-04-30T15:51:08.65","System","2021-04-30T15:51:08.65") );
INSERT INTO META_VIEW_ATTRIB (VIEW_ATTRIB_ID,META_VIEW_ID,ATTRIBUTE_ID,SYSTEM_NAME,META_ENT_ID,IS_READ_ONLY,DISPLAY_ORDER,COMPONENT_TYPE,IS_AGGREGATED,DISPLAY_NAME_PRM,DISPLAY_NAME_SEC,IS_FOREIGN_VAL_DISPLAY,IS_POST_BACK,RENDER_AS_POPUP,Created_By,Created_On,Updated_By,Updated_On) VALUES ("2201000149_03","'2201000149_002","2201000149_03","InvestmentRealEstate_RegistrationNumber","2201000149",0,5,"TextBox",0,"Registration Number","Registration Number",0,0,0,"System","2021-04-30T15:51:08.652","System","2021-04-30T15:51:08.652") );
INSERT INTO META_VIEW_ATTRIB (VIEW_ATTRIB_ID,META_VIEW_ID,ATTRIBUTE_ID,SYSTEM_NAME,META_ENT_ID,IS_READ_ONLY,DISPLAY_ORDER,COMPONENT_TYPE,IS_AGGREGATED,DISPLAY_NAME_PRM,DISPLAY_NAME_SEC,IS_FOREIGN_VAL_DISPLAY,IS_POST_BACK,RENDER_AS_POPUP,Created_By,Created_On,Updated_By,Updated_On) VALUES ("2201000149_04","'2201000149_002","2201000149_04","InvestmentRealEstate_RDAAccountNumber","2201000149",0,7,"TextBox",0,"RDA Account Number","RDA Account Number",0,0,0,"System","2021-04-30T15:51:08.653","System","2021-04-30T15:51:08.654") );
INSERT INTO META_VIEW_ATTRIB (VIEW_ATTRIB_ID,META_VIEW_ID,ATTRIBUTE_ID,SYSTEM_NAME,META_ENT_ID,IS_READ_ONLY,DISPLAY_ORDER,COMPONENT_TYPE,IS_AGGREGATED,DISPLAY_NAME_PRM,DISPLAY_NAME_SEC,IS_FOREIGN_VAL_DISPLAY,IS_POST_BACK,RENDER_AS_POPUP,Created_By,Created_On,Updated_By,Updated_On) VALUES ("2201000149_05","'2201000149_002","2201000149_05","InvestmentRealEstate_AccountTitle","2201000149",0,9,"TextBox",0,"Account Title","Account Title",0,0,0,"System","2021-04-30T15:51:08.654","System","2021-04-30T15:51:08.655") );
INSERT INTO META_VIEW_ATTRIB (VIEW_ATTRIB_ID,META_VIEW_ID,ATTRIBUTE_ID,SYSTEM_NAME,META_ENT_ID,IS_READ_ONLY,DISPLAY_ORDER,COMPONENT_TYPE,IS_AGGREGATED,DISPLAY_NAME_PRM,DISPLAY_NAME_SEC,IS_FOREIGN_VAL_DISPLAY,IS_POST_BACK,RENDER_AS_POPUP,Created_By,Created_On,Updated_By,Updated_On) VALUES ("2201000149_06","'2201000149_002","2201000149_06","InvestmentRealEstate_AccountCurrency","2201000149",0,11,"TextBox",0,"Account Currency","Account Currency",0,0,0,"System","2021-04-30T15:51:08.656","System","2021-04-30T15:51:08.656") );
INSERT INTO META_VIEW_ATTRIB (VIEW_ATTRIB_ID,META_VIEW_ID,ATTRIBUTE_ID,SYSTEM_NAME,META_ENT_ID,IS_READ_ONLY,DISPLAY_ORDER,COMPONENT_TYPE,IS_AGGREGATED,DISPLAY_NAME_PRM,DISPLAY_NAME_SEC,IS_FOREIGN_VAL_DISPLAY,IS_POST_BACK,RENDER_AS_POPUP,Created_By,Created_On,Updated_By,Updated_On) VALUES ("2201000149_07","'2201000149_002","2201000149_07","InvestmentRealEstate_SelectRequestType","2201000149",0,13,"TextBox",0,"Product Type","Product Type",0,0,0,"System","2021-04-30T15:51:08.657","System","2021-04-30T15:51:08.657") );
INSERT INTO META_VIEW_ATTRIB (VIEW_ATTRIB_ID,META_VIEW_ID,ATTRIBUTE_ID,SYSTEM_NAME,META_ENT_ID,IS_READ_ONLY,DISPLAY_ORDER,COMPONENT_TYPE,IS_AGGREGATED,DISPLAY_NAME_PRM,DISPLAY_NAME_SEC,IS_FOREIGN_VAL_DISPLAY,IS_POST_BACK,RENDER_AS_POPUP,Created_By,Created_On,Updated_By,Updated_On) VALUES ("2201000149_08","'2201000149_002","2201000149_08","InvestmentRealEstate_ProductType","2201000149",0,15,"TextBox",0,"Address of the Property","Address of the Property",0,0,0,"System","2021-04-30T15:51:08.658","System","2021-04-30T15:51:08.659") );
INSERT INTO META_VIEW_ATTRIB (VIEW_ATTRIB_ID,META_VIEW_ID,ATTRIBUTE_ID,SYSTEM_NAME,META_ENT_ID,IS_READ_ONLY,DISPLAY_ORDER,COMPONENT_TYPE,IS_AGGREGATED,DISPLAY_NAME_PRM,DISPLAY_NAME_SEC,IS_FOREIGN_VAL_DISPLAY,IS_POST_BACK,RENDER_AS_POPUP,Created_By,Created_On,Updated_By,Updated_On) VALUES ("2201000149_09","'2201000149_002","2201000149_09","InvestmentRealEstate_AddressOfProperty","2201000149",0,17,"TextBox",0,"Select Request Type","Select Request Type",0,0,0,"System","2021-04-30T15:51:08.659","System","2021-04-30T15:51:08.66") );
INSERT INTO META_VIEW_ATTRIB (VIEW_ATTRIB_ID,META_VIEW_ID,ATTRIBUTE_ID,SYSTEM_NAME,META_ENT_ID,IS_READ_ONLY,DISPLAY_ORDER,COMPONENT_TYPE,IS_AGGREGATED,DISPLAY_NAME_PRM,DISPLAY_NAME_SEC,IS_FOREIGN_VAL_DISPLAY,IS_POST_BACK,RENDER_AS_POPUP,Created_By,Created_On,Updated_By,Updated_On) VALUES ("2201000149_10","'2201000149_002","2201000149_10","InvestmentRealEstate_DateOfSale","2201000149",0,19,"TextBox",0,"Date of Sales agreement","Date of Sales agreement",0,0,0,"System","2021-04-30T15:51:08.662","System","2021-04-30T15:51:08.662") );
INSERT INTO META_VIEW_ATTRIB (VIEW_ATTRIB_ID,META_VIEW_ID,ATTRIBUTE_ID,SYSTEM_NAME,META_ENT_ID,IS_READ_ONLY,DISPLAY_ORDER,COMPONENT_TYPE,IS_AGGREGATED,DISPLAY_NAME_PRM,DISPLAY_NAME_SEC,IS_FOREIGN_VAL_DISPLAY,IS_POST_BACK,RENDER_AS_POPUP,Created_By,Created_On,Updated_By,Updated_On) VALUES ("2201000149_11","'2201000149_002","2201000149_11","InvestmentRealEstate_PropertyValue_1","2201000149",0,21,"TextBox",0,"Property Value as per Valuation Report-1","Property Value as per Valuation Report-1",0,0,0,"System","2021-04-30T15:51:08.663","System","2021-04-30T15:51:08.663") );
INSERT INTO META_VIEW_ATTRIB (VIEW_ATTRIB_ID,META_VIEW_ID,ATTRIBUTE_ID,SYSTEM_NAME,META_ENT_ID,IS_READ_ONLY,DISPLAY_ORDER,COMPONENT_TYPE,IS_AGGREGATED,DISPLAY_NAME_PRM,DISPLAY_NAME_SEC,IS_FOREIGN_VAL_DISPLAY,IS_POST_BACK,RENDER_AS_POPUP,Created_By,Created_On,Updated_By,Updated_On) VALUES ("2201000149_12","'2201000149_002","2201000149_12","InvestmentRealEstate_NameOfValuator_1","2201000149",0,23,"TextBox",0,"Name of the Valuator -1","Name of the Valuator -1",0,0,0,"System","2021-04-30T15:51:08.664","System","2021-04-30T15:51:08.664") );
INSERT INTO META_VIEW_ATTRIB (VIEW_ATTRIB_ID,META_VIEW_ID,ATTRIBUTE_ID,SYSTEM_NAME,META_ENT_ID,IS_READ_ONLY,DISPLAY_ORDER,COMPONENT_TYPE,IS_AGGREGATED,DISPLAY_NAME_PRM,DISPLAY_NAME_SEC,IS_FOREIGN_VAL_DISPLAY,IS_POST_BACK,RENDER_AS_POPUP,Created_By,Created_On,Updated_By,Updated_On) VALUES ("2201000149_13","'2201000149_002","2201000149_13","InvestmentRealEstate_PropertyValue_2","2201000149",0,25,"TextBox",0,"Property Value as per Valuation Report - 2","Property Value as per Valuation Report - 2",0,0,0,"System","2021-04-30T15:51:08.665","System","2021-04-30T15:51:08.665") );
INSERT INTO META_VIEW_ATTRIB (VIEW_ATTRIB_ID,META_VIEW_ID,ATTRIBUTE_ID,SYSTEM_NAME,META_ENT_ID,IS_READ_ONLY,DISPLAY_ORDER,COMPONENT_TYPE,IS_AGGREGATED,DISPLAY_NAME_PRM,DISPLAY_NAME_SEC,IS_FOREIGN_VAL_DISPLAY,IS_POST_BACK,RENDER_AS_POPUP,Created_By,Created_On,Updated_By,Updated_On) VALUES ("2201000149_13","'2201000149_002","2201000149_13","InvestmentRealEstate_NameOfValuator_2","2201000149",0,25,"TextBox",0,"Name of the Valuator -2","Name of the Valuator -2",0,0,0,"System","2021-04-30T15:51:08.666","System","2021-04-30T15:51:08.667") );
INSERT INTO META_VIEW_ATTRIB (VIEW_ATTRIB_ID,META_VIEW_ID,ATTRIBUTE_ID,SYSTEM_NAME,META_ENT_ID,IS_READ_ONLY,DISPLAY_ORDER,COMPONENT_TYPE,IS_AGGREGATED,DISPLAY_NAME_PRM,DISPLAY_NAME_SEC,IS_FOREIGN_VAL_DISPLAY,IS_POST_BACK,RENDER_AS_POPUP,Created_By,Created_On,Updated_By,Updated_On) VALUES ("2201000149_14","'2201000149_002","2201000149_14","InvestmentRealEstate_CounterPartyType","2201000149",0,2,"TextBox",0,"Counter Party Type","Counter Party Type",0,0,0,"System","2021-04-30T15:51:08.668","System","2021-04-30T15:51:08.668") );
INSERT INTO META_VIEW_ATTRIB (VIEW_ATTRIB_ID,META_VIEW_ID,ATTRIBUTE_ID,SYSTEM_NAME,META_ENT_ID,IS_READ_ONLY,DISPLAY_ORDER,COMPONENT_TYPE,IS_AGGREGATED,DISPLAY_NAME_PRM,DISPLAY_NAME_SEC,IS_FOREIGN_VAL_DISPLAY,IS_POST_BACK,RENDER_AS_POPUP,Created_By,Created_On,Updated_By,Updated_On) VALUES ("2201000149_15","'2201000149_002","2201000149_15","InvestmentRealEstate_NameOfCounterParty","2201000149",0,4,"TextBox",0,"Name of the Counter Party","Name of the Counter Party",0,0,0,"System","2021-04-30T15:51:08.668","System","2021-04-30T15:51:08.669") );
INSERT INTO META_VIEW_ATTRIB (VIEW_ATTRIB_ID,META_VIEW_ID,ATTRIBUTE_ID,SYSTEM_NAME,META_ENT_ID,IS_READ_ONLY,DISPLAY_ORDER,COMPONENT_TYPE,IS_AGGREGATED,DISPLAY_NAME_PRM,DISPLAY_NAME_SEC,IS_FOREIGN_VAL_DISPLAY,IS_POST_BACK,RENDER_AS_POPUP,Created_By,Created_On,Updated_By,Updated_On) VALUES ("2201000149_16","'2201000149_002","2201000149_16","InvestmentRealEstate_CNICOfCounterParty","2201000149",0,6,"TextBox",0,"CNIC / NTN number of the Counter Party","CNIC / NTN number of the Counter Party",0,0,0,"System","2021-04-30T15:51:08.669","System","2021-04-30T15:51:08.67") );
INSERT INTO META_VIEW_ATTRIB (VIEW_ATTRIB_ID,META_VIEW_ID,ATTRIBUTE_ID,SYSTEM_NAME,META_ENT_ID,IS_READ_ONLY,DISPLAY_ORDER,COMPONENT_TYPE,IS_AGGREGATED,DISPLAY_NAME_PRM,DISPLAY_NAME_SEC,IS_FOREIGN_VAL_DISPLAY,IS_POST_BACK,RENDER_AS_POPUP,Created_By,Created_On,Updated_By,Updated_On) VALUES ("2201000149_17","'2201000149_002","2201000149_17","InvestmentRealEstate_TotalAmountInvestmentFigures","2201000149",0,10,"TextBox",0,"Total Amount of Investment Figures","Total Amount of Investment Figures",0,0,0,"System","2021-04-30T15:51:08.67","System","2021-04-30T15:51:08.671") );
INSERT INTO META_VIEW_ATTRIB (VIEW_ATTRIB_ID,META_VIEW_ID,ATTRIBUTE_ID,SYSTEM_NAME,META_ENT_ID,IS_READ_ONLY,DISPLAY_ORDER,COMPONENT_TYPE,IS_AGGREGATED,DISPLAY_NAME_PRM,DISPLAY_NAME_SEC,IS_FOREIGN_VAL_DISPLAY,IS_POST_BACK,RENDER_AS_POPUP,Created_By,Created_On,Updated_By,Updated_On) VALUES ("2201000149_18","'2201000149_002","2201000149_18","InvestmentRealEstate_TotalAmountInvestmentWords","2201000149",0,12,"TextBox",0,"Total Amount of Investment Words","Total Amount of Investment Words",0,0,0,"System","2021-04-30T15:51:08.671","System","2021-04-30T15:51:08.672") );
INSERT INTO META_VIEW_ATTRIB (VIEW_ATTRIB_ID,META_VIEW_ID,ATTRIBUTE_ID,SYSTEM_NAME,META_ENT_ID,IS_READ_ONLY,DISPLAY_ORDER,COMPONENT_TYPE,IS_AGGREGATED,DISPLAY_NAME_PRM,DISPLAY_NAME_SEC,IS_FOREIGN_VAL_DISPLAY,IS_POST_BACK,RENDER_AS_POPUP,Created_By,Created_On,Updated_By,Updated_On) VALUES ("2201000149_19","'2201000149_002","2201000149_19","InvestmentRealEstate_AmountPerInstallmentFigures","2201000149",0,14,"TextBox",0,"Amount per installament / Rent Figures","Amount per installament / Rent Figures",0,0,0,"System","2021-04-30T15:51:08.672","System","2021-04-30T15:51:08.672") );
INSERT INTO META_VIEW_ATTRIB (VIEW_ATTRIB_ID,META_VIEW_ID,ATTRIBUTE_ID,SYSTEM_NAME,META_ENT_ID,IS_READ_ONLY,DISPLAY_ORDER,COMPONENT_TYPE,IS_AGGREGATED,DISPLAY_NAME_PRM,DISPLAY_NAME_SEC,IS_FOREIGN_VAL_DISPLAY,IS_POST_BACK,RENDER_AS_POPUP,Created_By,Created_On,Updated_By,Updated_On) VALUES ("2201000149_20","'2201000149_002","2201000149_20","InvestmentRealEstate_AmountPerInstallmentWords","2201000149",0,16,"TextBox",0,"Amount per installament / Rent Words","Amount per installament / Rent Words",0,0,0,"System","2021-04-30T15:51:08.673","System","2021-04-30T15:51:08.673") );
INSERT INTO META_VIEW_ATTRIB (VIEW_ATTRIB_ID,META_VIEW_ID,ATTRIBUTE_ID,SYSTEM_NAME,META_ENT_ID,IS_READ_ONLY,DISPLAY_ORDER,COMPONENT_TYPE,IS_AGGREGATED,DISPLAY_NAME_PRM,DISPLAY_NAME_SEC,IS_FOREIGN_VAL_DISPLAY,IS_POST_BACK,RENDER_AS_POPUP,Created_By,Created_On,Updated_By,Updated_On) VALUES ("2201000149_21","'2201000149_002","2201000149_21","InvestmentRealEstate_ModeOfPayment","2201000149",0,27,"TextBox",0,"Mode of Payment","Mode of Payment",0,0,0,"System","2021-04-30T15:51:08.674","System","2021-04-30T15:51:08.674") );
INSERT INTO META_VIEW_ATTRIB (VIEW_ATTRIB_ID,META_VIEW_ID,ATTRIBUTE_ID,SYSTEM_NAME,META_ENT_ID,IS_READ_ONLY,DISPLAY_ORDER,COMPONENT_TYPE,IS_AGGREGATED,DISPLAY_NAME_PRM,DISPLAY_NAME_SEC,IS_FOREIGN_VAL_DISPLAY,IS_POST_BACK,RENDER_AS_POPUP,Created_By,Created_On,Updated_By,Updated_On) VALUES ("2201000149_2@","'2201000149_002","2201000149_22","InvestmentRealEstate_NumberOfTranches","2201000149",0,18,"TextBox",0,"Number Of Tranches","Number Of Tranches",0,0,0,"System","2021-04-30T15:51:08.675","System","2021-04-30T15:51:08.675") );
INSERT INTO META_VIEW_ATTRIB (VIEW_ATTRIB_ID,META_VIEW_ID,ATTRIBUTE_ID,SYSTEM_NAME,META_ENT_ID,IS_READ_ONLY,DISPLAY_ORDER,COMPONENT_TYPE,IS_AGGREGATED,DISPLAY_NAME_PRM,DISPLAY_NAME_SEC,IS_FOREIGN_VAL_DISPLAY,IS_POST_BACK,RENDER_AS_POPUP,Created_By,Created_On,Updated_By,Updated_On) VALUES ("2201000149_23","'2201000149_002","2201000149_23","InvestmentRealEstate_AmountTranch_1","2201000149",0,20,"TextBox",0,"Amount Tranch-1","Amount Tranch-1",0,0,0,"System","2021-04-30T15:51:08.676","System","2021-04-30T15:51:08.676") );
INSERT INTO META_VIEW_ATTRIB (VIEW_ATTRIB_ID,META_VIEW_ID,ATTRIBUTE_ID,SYSTEM_NAME,META_ENT_ID,IS_READ_ONLY,DISPLAY_ORDER,COMPONENT_TYPE,IS_AGGREGATED,DISPLAY_NAME_PRM,DISPLAY_NAME_SEC,IS_FOREIGN_VAL_DISPLAY,IS_POST_BACK,RENDER_AS_POPUP,Created_By,Created_On,Updated_By,Updated_On) VALUES ("2201000149_24","'2201000149_002","2201000149_24","InvestmentRealEstate_AmountTranch_2","2201000149",0,22,"TextBox",0,"Amount Tranch-2","Amount Tranch-2",0,0,0,"System","2021-04-30T15:51:08.677","System","2021-04-30T15:51:08.678") );
INSERT INTO META_VIEW_ATTRIB (VIEW_ATTRIB_ID,META_VIEW_ID,ATTRIBUTE_ID,SYSTEM_NAME,META_ENT_ID,IS_READ_ONLY,DISPLAY_ORDER,COMPONENT_TYPE,IS_AGGREGATED,DISPLAY_NAME_PRM,DISPLAY_NAME_SEC,IS_FOREIGN_VAL_DISPLAY,IS_POST_BACK,RENDER_AS_POPUP,Created_By,Created_On,Updated_By,Updated_On) VALUES ("2201000149_25","'2201000149_002","2201000149_25","InvestmentRealEstate_AmountTranch_3","2201000149",0,24,"TextBox",0,"Amount Tranch-3","Amount Tranch-3",0,0,0,"System","2021-04-30T15:51:08.678","System","2021-04-30T15:51:08.678") );
INSERT INTO META_VIEW_ATTRIB (VIEW_ATTRIB_ID,META_VIEW_ID,ATTRIBUTE_ID,SYSTEM_NAME,META_ENT_ID,IS_READ_ONLY,DISPLAY_ORDER,COMPONENT_TYPE,IS_AGGREGATED,DISPLAY_NAME_PRM,DISPLAY_NAME_SEC,IS_FOREIGN_VAL_DISPLAY,IS_POST_BACK,RENDER_AS_POPUP,Created_By,Created_On,Updated_By,Updated_On) VALUES ("2201000149_26","'2201000149_002","2201000149_26","InvestmentRealEstate_AmountTranch_4","2201000149",0,26,"TextBox",0,"Amount Tranch-4","Amount Tranch-4",0,0,0,"System","2021-04-30T15:51:08.679","System","2021-04-30T15:51:08.679") );
INSERT INTO META_VIEW_ATTRIB (VIEW_ATTRIB_ID,META_VIEW_ID,ATTRIBUTE_ID,SYSTEM_NAME,META_ENT_ID,IS_READ_ONLY,DISPLAY_ORDER,COMPONENT_TYPE,IS_AGGREGATED,DISPLAY_NAME_PRM,DISPLAY_NAME_SEC,IS_FOREIGN_VAL_DISPLAY,IS_POST_BACK,RENDER_AS_POPUP,Created_By,Created_On,Updated_By,Updated_On) VALUES ("2201000149_27","'2201000149_002","2201000149_27","InvestmentRealEstate_Frequency","2201000149",0,8,"TextBox",0,"Frequency","Frequency",0,0,0,"System","2021-04-30T15:51:08.68","System","2021-04-30T15:51:08.68") );
INSERT INTO META_VIEW_RELATIONSHIP (RELATION_ID,PARENT_VIEW_ID,CHILD_VIEW_ID,CHILD_ORDER_IN_PARENT,RELATION_TYPE,Created_By,Created_On,Updated_By,Updated_On) VALUES ("2201000149_01","2201000149_001","2201000149_002",3,"CONTAINMENT","System","2021-04-30T15:51:08.682","System","2021-04-30T15:51:08.682") );
INSERT INTO META_VIEW_RELATIONSHIP (RELATION_ID,PARENT_VIEW_ID,CHILD_VIEW_ID,CHILD_ORDER_IN_PARENT,RELATION_TYPE,Created_By,Created_On,Updated_By,Updated_On) VALUES ("2201000149_02","2201000149_001","2000000155",2,"CONTAINMENT","System","2021-04-30T15:51:08.683","System","2021-04-30T15:51:08.683") );
INSERT INTO META_VIEW_RELATIONSHIP (RELATION_ID,PARENT_VIEW_ID,CHILD_VIEW_ID,CHILD_ORDER_IN_PARENT,RELATION_TYPE,Created_By,Created_On,Updated_By,Updated_On) VALUES ("2201000149_03","2201000149_001","2000000156",4,"CONTAINMENT","System","2021-04-30T15:51:08.683","System","2021-04-30T15:51:08.683") );
INSERT INTO META_VIEW_RELATIONSHIP (RELATION_ID,PARENT_VIEW_ID,CHILD_VIEW_ID,CHILD_ORDER_IN_PARENT,RELATION_TYPE,Created_By,Created_On,Updated_By,Updated_On) VALUES ("2201000149_04","2201000149_001","2000000157",1,"CONTAINMENT","System","2021-04-30T15:51:08.684","System","2021-04-30T15:51:08.684") );
INSERT INTO META_VIEW_RELATIONSHIP (RELATION_ID,PARENT_VIEW_ID,CHILD_VIEW_ID,CHILD_ORDER_IN_PARENT,RELATION_TYPE,Created_By,Created_On,Updated_By,Updated_On) VALUES ("2201000149_05","2201000149_001","2000000158",5,"CONTAINMENT","System","2021-04-30T15:51:08.684","System","2021-04-30T15:51:08.685") );
INSERT INTO META_VIEW_RELATIONSHIP (RELATION_ID,PARENT_VIEW_ID,CHILD_VIEW_ID,CHILD_ORDER_IN_PARENT,RELATION_TYPE,Created_By,Created_On,Updated_By,Updated_On) VALUES ("2201000149_06","2201000149_001","2000000159",6,"CONTAINMENT","System","2021-04-30T15:51:08.685","System","2021-04-30T15:51:08.685") );
INSERT INTO META_ENTITY_RELATIONSHIP (RELATIONSHIP_ID,SYSTEM_NAME,SUB_ENTITY_ID,MAIN_ENTITY_ID,RELATION_TYPE,MAIN_ENTITY_KEY,SUB_ENTITY_KEY,Created_By,Created_On,Updated_By,Updated_On) VALUES ("2000201","GetInputField('SYSTEM_NAME')","2000000150",2201000149,"DIRECT","EFORM_TICKET_NUM","REF_DOC_NUM","System","2021-04-30T15:51:08.688","System","2021-04-30T15:51:08.688") );
INSERT INTO META_VIEW_PARAM (PARAMETER_NAME,META_VIEW_ID,PARAMETER_VALUE,Created_By,Created_On,Updated_By,Updated_On) VALUES ("sectionColStyleClass2","2201000149_002","section_column_4","System","2021-04-30T15:51:08.69","System","2021-04-30T15:51:08.69") );
INSERT INTO VALUE_TREE_NODE (TREE_NODE_ID,SYSTEM_NAME,PRODUCT_ENT_ID,ROOT_NODE_ID,PARENT_NODE,OTHER_CODE,TREE_NODE_NAME_PRM,TREE_NODE_NAME_SEC,HIERARCHY_LEVEL,GROUP_ID,DISPLAY_ORDER,Created_By,Created_On,Updated_By,Updated_On) VALUES ("2000000200","RoshanAccounts","0000000003","2000000011","2000000011","RA","Roshan Accounts","Roshan Accounts",1,"EFORM_PRODUCT",4,"System","2021-04-30T15:51:08.692","System","2021-04-30T15:51:08.692") );
INSERT INTO META_ENTITY_CATEGORY (ENT_CATEGORY_ID,META_ENT_ID,TREE_NODE_ID,Created_By,Created_On,Updated_By,Updated_On) VALUES ("2201000149_201","null","null","System","2021-04-30T15:51:08.694","System","2021-04-30T15:51:08.695") );
INSERT INTO WF_PROCESS_ENTITY_ALLOC (PROCESS_ALLOC_ID,DOCUMENT_ENTITY,PROCESS_CODE,TURN_AROUND_TIME,ESC_STRATEGY_ID,Created_By,Created_On,Updated_By,Updated_On) VALUES ("200201","2201000149","2000000200",5760,"0000000001","System","2021-04-30T15:51:08.696","System","2021-04-30T15:51:08.697") );
INSERT INTO WF_PROCESS_PARTICIPANT (ROLE_ID,PROCESS_ALLOC_ID,IS_SUPERVISOR,CAN_CREATE,SELECT_CRITERIA,Created_By,Created_On,Updated_By,Updated_On) VALUES ("0000000001","200201","1",0," true","System","2021-04-30T15:51:08.698","System","2021-04-30T15:51:08.698") );
INSERT INTO WF_PROCESS_PARTICIPANT (ROLE_ID,PROCESS_ALLOC_ID,IS_SUPERVISOR,CAN_CREATE,SELECT_CRITERIA,Created_By,Created_On,Updated_By,Updated_On) VALUES ("0000000002","200201","0",0," false","System","2021-04-30T15:51:08.699","System","2021-04-30T15:51:08.699") );
INSERT INTO ADC_FACILITY_EFORM_TYPE_MAPPING (MAPPING_ID,ADC_CODE,META_ENT_ID,Created_By,Created_On,Updated_By,Updated_On) VALUES ("null","null","null","System","2021-04-30T15:51:08.701","System","2021-04-30T15:51:08.701") );

