INSERT INTO META_ENTITY (META_ENTITY_ID,SYSTEM_NAME,PARENT_ENTITY,ENTITY_NAME,TABLE_NAME,IS_ABSTRACT,IS_SYSTEM,TEMPLATE_ENABLED,MAJOR_TYPE,DESCRIPTION,META_ENT_NAME_PRM,META_ENT_NAME_SEC,DISCRIMINATOR_VALUE,CACHE_TIME,Created_By,Created_On,Updated_By,Updated_On) VALUES ("E-2201000150","Unison.Document.EForm.InvestmentRealEstate","2000000149","Investment Real Estate Form","EFORM",0,0,0,"Document","Investment Real Estate Form","Investment Real Estate Form","Investment Real Estate Form","E-2201000150",0,"System","2021-05-02T18:54:18.13","System","2021-05-02T18:54:18.165") ;
INSERT INTO META_ENTITY_ATTRIB (ATTRIBUTE_ID,SYSTEM_NAME,META_ENT_ID,ATTRIBUTE_NAME,TABLE_COLUMN,ATTRIBUTE_TYPE,IS_MANDATORY,IS_SEARCH,IS_AUDIT,IS_SUMMARY,IS_INTERNAL_PRIMARY,IS_PRIMARY,TEMPLATE_ENABLED,ATTRIBUTE_SCOPE,DEFAULT_EXP,OPERATOR_TYPE,IS_SERIALIZED,Created_By,Created_On,Updated_By,Updated_On) VALUES ("A-220100014902","InvestmentRealEstate_SelectRequestType","E-2201000150","Select Request Type","STRING_VAL","String","1",0,0,0,0,0,"1","None","''","Like",0,"System","2021-05-02T18:54:18.171","System","2021-05-02T18:54:18.172") ;
INSERT INTO META_ENTITY_ATTRIB (ATTRIBUTE_ID,SYSTEM_NAME,META_ENT_ID,ATTRIBUTE_NAME,TABLE_COLUMN,ATTRIBUTE_TYPE,IS_MANDATORY,IS_SEARCH,IS_AUDIT,IS_SUMMARY,IS_INTERNAL_PRIMARY,IS_PRIMARY,TEMPLATE_ENABLED,ATTRIBUTE_SCOPE,DEFAULT_EXP,OPERATOR_TYPE,IS_SERIALIZED,Created_By,Created_On,Updated_By,Updated_On) VALUES ("A-220100014903","InvestmentRealEstate_UniqueRegistrationNumber","E-2201000150","Unique Registration Number","STRING_VAL1","String","1",0,0,0,0,0,"1","None","''","Like",0,"System","2021-05-02T18:54:18.175","System","2021-05-02T18:54:18.175") ;
INSERT INTO META_ENTITY_ATTRIB (ATTRIBUTE_ID,SYSTEM_NAME,META_ENT_ID,ATTRIBUTE_NAME,TABLE_COLUMN,ATTRIBUTE_TYPE,IS_MANDATORY,IS_SEARCH,IS_AUDIT,IS_SUMMARY,IS_INTERNAL_PRIMARY,IS_PRIMARY,TEMPLATE_ENABLED,ATTRIBUTE_SCOPE,DEFAULT_EXP,OPERATOR_TYPE,IS_SERIALIZED,Created_By,Created_On,Updated_By,Updated_On) VALUES ("A-220100014904","InvestmentRealEstate_RegistrationNumber","E-2201000150","Registration Number","STRING_VAL2","String","0",0,0,0,0,0,"0","None","''","Like",0,"System","2021-05-02T18:54:18.178","System","2021-05-02T18:54:18.179") ;
INSERT INTO META_ENTITY_ATTRIB (ATTRIBUTE_ID,SYSTEM_NAME,META_ENT_ID,ATTRIBUTE_NAME,TABLE_COLUMN,ATTRIBUTE_TYPE,IS_MANDATORY,IS_SEARCH,IS_AUDIT,IS_SUMMARY,IS_INTERNAL_PRIMARY,IS_PRIMARY,TEMPLATE_ENABLED,ATTRIBUTE_SCOPE,DEFAULT_EXP,OPERATOR_TYPE,IS_SERIALIZED,Created_By,Created_On,Updated_By,Updated_On) VALUES ("A-220100014905","InvestmentRealEstate_RDAAccountNumber","E-2201000150","RDA Account Number","STRING_VAL3","String","1",0,0,0,0,0,"0","None","''","Like",0,"System","2021-05-02T18:54:18.182","System","2021-05-02T18:54:18.183") ;
INSERT INTO META_ENTITY_ATTRIB (ATTRIBUTE_ID,SYSTEM_NAME,META_ENT_ID,ATTRIBUTE_NAME,TABLE_COLUMN,ATTRIBUTE_TYPE,IS_MANDATORY,IS_SEARCH,IS_AUDIT,IS_SUMMARY,IS_INTERNAL_PRIMARY,IS_PRIMARY,TEMPLATE_ENABLED,ATTRIBUTE_SCOPE,DEFAULT_EXP,OPERATOR_TYPE,IS_SERIALIZED,Created_By,Created_On,Updated_By,Updated_On) VALUES ("A-220100014906","InvestmentRealEstate_AccountTitle","E-2201000150","Account Title","STRING_VAL4","String","1",0,0,0,0,0,"0","None","''","Like",0,"System","2021-05-02T18:54:18.187","System","2021-05-02T18:54:18.187") ;
INSERT INTO META_ENTITY_ATTRIB (ATTRIBUTE_ID,SYSTEM_NAME,META_ENT_ID,ATTRIBUTE_NAME,TABLE_COLUMN,ATTRIBUTE_TYPE,IS_MANDATORY,IS_SEARCH,IS_AUDIT,IS_SUMMARY,IS_INTERNAL_PRIMARY,IS_PRIMARY,TEMPLATE_ENABLED,ATTRIBUTE_SCOPE,DEFAULT_EXP,OPERATOR_TYPE,IS_SERIALIZED,Created_By,Created_On,Updated_By,Updated_On) VALUES ("A-220100014907","InvestmentRealEstate_Currency","E-2201000150","Account Currency","STRING_VAL5","String","1",0,0,0,0,0,"0","None","''","Like",0,"System","2021-05-02T18:54:18.19","System","2021-05-02T18:54:18.19") ;
INSERT INTO META_ENTITY_ATTRIB (ATTRIBUTE_ID,SYSTEM_NAME,META_ENT_ID,ATTRIBUTE_NAME,TABLE_COLUMN,ATTRIBUTE_TYPE,IS_MANDATORY,IS_SEARCH,IS_AUDIT,IS_SUMMARY,IS_INTERNAL_PRIMARY,IS_PRIMARY,TEMPLATE_ENABLED,ATTRIBUTE_SCOPE,DEFAULT_EXP,OPERATOR_TYPE,IS_SERIALIZED,Created_By,Created_On,Updated_By,Updated_On) VALUES ("A-220100014908","InvestmentRealEstate_ProductType","E-2201000150","Product Type","STRING_VAL6","String","1",0,0,0,0,0,"0","None","''","Like",0,"System","2021-05-02T18:54:18.193","System","2021-05-02T18:54:18.193") ;
INSERT INTO META_ENTITY_ATTRIB (ATTRIBUTE_ID,SYSTEM_NAME,META_ENT_ID,ATTRIBUTE_NAME,TABLE_COLUMN,ATTRIBUTE_TYPE,IS_MANDATORY,IS_SEARCH,IS_AUDIT,IS_SUMMARY,IS_INTERNAL_PRIMARY,IS_PRIMARY,TEMPLATE_ENABLED,ATTRIBUTE_SCOPE,DEFAULT_EXP,OPERATOR_TYPE,IS_SERIALIZED,Created_By,Created_On,Updated_By,Updated_On) VALUES ("A-220100014909","InvestmentRealEstate_AddressOfProperty","E-2201000150","Address of the Property","STRING_VAL7","String","1",0,0,0,0,0,"0","None","''","Like",0,"System","2021-05-02T18:54:18.195","System","2021-05-02T18:54:18.196") ;
INSERT INTO META_ENTITY_ATTRIB (ATTRIBUTE_ID,SYSTEM_NAME,META_ENT_ID,ATTRIBUTE_NAME,TABLE_COLUMN,ATTRIBUTE_TYPE,IS_MANDATORY,IS_SEARCH,IS_AUDIT,IS_SUMMARY,IS_INTERNAL_PRIMARY,IS_PRIMARY,TEMPLATE_ENABLED,ATTRIBUTE_SCOPE,DEFAULT_EXP,OPERATOR_TYPE,IS_SERIALIZED,Created_By,Created_On,Updated_By,Updated_On) VALUES ("A-220100014910","InvestmentRealEstate_DateOfSale","E-2201000150","Date of Sales Agreement","STRING_VAL8","String","1",0,0,0,0,0,"0","None","''","Like",0,"System","2021-05-02T18:54:18.198","System","2021-05-02T18:54:18.198") ;
INSERT INTO META_ENTITY_ATTRIB (ATTRIBUTE_ID,SYSTEM_NAME,META_ENT_ID,ATTRIBUTE_NAME,TABLE_COLUMN,ATTRIBUTE_TYPE,IS_MANDATORY,IS_SEARCH,IS_AUDIT,IS_SUMMARY,IS_INTERNAL_PRIMARY,IS_PRIMARY,TEMPLATE_ENABLED,ATTRIBUTE_SCOPE,DEFAULT_EXP,OPERATOR_TYPE,IS_SERIALIZED,Created_By,Created_On,Updated_By,Updated_On) VALUES ("A-220100014911","InvestmentRealEstate_PropertyValue_1","E-2201000150","Property Value as per Valuation Report-1","STRING_VAL9","String","1",0,0,0,0,0,"0","None","''","Like",0,"System","2021-05-02T18:54:18.2","System","2021-05-02T18:54:18.201") ;
INSERT INTO META_ENTITY_ATTRIB (ATTRIBUTE_ID,SYSTEM_NAME,META_ENT_ID,ATTRIBUTE_NAME,TABLE_COLUMN,ATTRIBUTE_TYPE,IS_MANDATORY,IS_SEARCH,IS_AUDIT,IS_SUMMARY,IS_INTERNAL_PRIMARY,IS_PRIMARY,TEMPLATE_ENABLED,ATTRIBUTE_SCOPE,DEFAULT_EXP,OPERATOR_TYPE,IS_SERIALIZED,Created_By,Created_On,Updated_By,Updated_On) VALUES ("A-220100014912","InvestmentRealEstate_NameOfValuator_1","E-2201000150","Name of the Valuator -1","STRING_VAL10","String","1",0,0,0,0,0,"0","None","''","Like",0,"System","2021-05-02T18:54:18.208","System","2021-05-02T18:54:18.21") ;
INSERT INTO META_ENTITY_ATTRIB (ATTRIBUTE_ID,SYSTEM_NAME,META_ENT_ID,ATTRIBUTE_NAME,TABLE_COLUMN,ATTRIBUTE_TYPE,IS_MANDATORY,IS_SEARCH,IS_AUDIT,IS_SUMMARY,IS_INTERNAL_PRIMARY,IS_PRIMARY,TEMPLATE_ENABLED,ATTRIBUTE_SCOPE,DEFAULT_EXP,OPERATOR_TYPE,IS_SERIALIZED,Created_By,Created_On,Updated_By,Updated_On) VALUES ("A-220100014913","InvestmentRealEstate_PropertyValue_2","E-2201000150","Property Value as per Valuation Report - 2","STRING_VAL11","String","1",0,0,0,0,0,"0","None","''","Like",0,"System","2021-05-02T18:54:18.211","System","2021-05-02T18:54:18.212") ;
INSERT INTO META_ENTITY_ATTRIB (ATTRIBUTE_ID,SYSTEM_NAME,META_ENT_ID,ATTRIBUTE_NAME,TABLE_COLUMN,ATTRIBUTE_TYPE,IS_MANDATORY,IS_SEARCH,IS_AUDIT,IS_SUMMARY,IS_INTERNAL_PRIMARY,IS_PRIMARY,TEMPLATE_ENABLED,ATTRIBUTE_SCOPE,DEFAULT_EXP,OPERATOR_TYPE,IS_SERIALIZED,Created_By,Created_On,Updated_By,Updated_On) VALUES ("A-220100014914","InvestmentRealEstate_NameOfValuator_2","E-2201000150","Name of the Valuator -2","STRING_VAL12","String","1",0,0,0,0,0,"0","None","''","Like",0,"System","2021-05-02T18:54:18.213","System","2021-05-02T18:54:18.214") ;
INSERT INTO META_ENTITY_ATTRIB (ATTRIBUTE_ID,SYSTEM_NAME,META_ENT_ID,ATTRIBUTE_NAME,TABLE_COLUMN,ATTRIBUTE_TYPE,IS_MANDATORY,IS_SEARCH,IS_AUDIT,IS_SUMMARY,IS_INTERNAL_PRIMARY,IS_PRIMARY,TEMPLATE_ENABLED,ATTRIBUTE_SCOPE,DEFAULT_EXP,OPERATOR_TYPE,IS_SERIALIZED,Created_By,Created_On,Updated_By,Updated_On) VALUES ("A-220100014915","InvestmentRealEstate_CounterPartyType","E-2201000150","Counter Party Type","STRING_VAL13","String","1",0,0,0,0,0,"0","None","''","Like",0,"System","2021-05-02T18:54:18.216","System","2021-05-02T18:54:18.217") ;
INSERT INTO META_ENTITY_ATTRIB (ATTRIBUTE_ID,SYSTEM_NAME,META_ENT_ID,ATTRIBUTE_NAME,TABLE_COLUMN,ATTRIBUTE_TYPE,IS_MANDATORY,IS_SEARCH,IS_AUDIT,IS_SUMMARY,IS_INTERNAL_PRIMARY,IS_PRIMARY,TEMPLATE_ENABLED,ATTRIBUTE_SCOPE,DEFAULT_EXP,OPERATOR_TYPE,IS_SERIALIZED,Created_By,Created_On,Updated_By,Updated_On) VALUES ("A-220100014916","InvestmentRealEstate_NameOfCounterParty","E-2201000150","Name of the Counter Party","STRING_VAL14","String","1",0,0,0,0,0,"0","None","''","Like",0,"System","2021-05-02T18:54:18.219","System","2021-05-02T18:54:18.219") ;
INSERT INTO META_ENTITY_ATTRIB (ATTRIBUTE_ID,SYSTEM_NAME,META_ENT_ID,ATTRIBUTE_NAME,TABLE_COLUMN,ATTRIBUTE_TYPE,IS_MANDATORY,IS_SEARCH,IS_AUDIT,IS_SUMMARY,IS_INTERNAL_PRIMARY,IS_PRIMARY,TEMPLATE_ENABLED,ATTRIBUTE_SCOPE,DEFAULT_EXP,OPERATOR_TYPE,IS_SERIALIZED,Created_By,Created_On,Updated_By,Updated_On) VALUES ("A-220100014917","InvestmentRealEstate_CNICOfCounterParty","E-2201000150","CNIC / NTN Number of the Counter Party","STRING_VAL15","String","1",0,0,0,0,0,"0","None","''","Like",0,"System","2021-05-02T18:54:18.222","System","2021-05-02T18:54:18.222") ;
INSERT INTO META_ENTITY_ATTRIB (ATTRIBUTE_ID,SYSTEM_NAME,META_ENT_ID,ATTRIBUTE_NAME,TABLE_COLUMN,ATTRIBUTE_TYPE,IS_MANDATORY,IS_SEARCH,IS_AUDIT,IS_SUMMARY,IS_INTERNAL_PRIMARY,IS_PRIMARY,TEMPLATE_ENABLED,ATTRIBUTE_SCOPE,DEFAULT_EXP,OPERATOR_TYPE,IS_SERIALIZED,Created_By,Created_On,Updated_By,Updated_On) VALUES ("A-220100014918","InvestmentRealEstate_TotalAmountInvestmentFigures","E-2201000150","Total Amount of Investment Figures","STRING_VAL16","String","1",0,0,0,0,0,"0","None","''","Like",0,"System","2021-05-02T18:54:18.225","System","2021-05-02T18:54:18.225") ;
INSERT INTO META_ENTITY_ATTRIB (ATTRIBUTE_ID,SYSTEM_NAME,META_ENT_ID,ATTRIBUTE_NAME,TABLE_COLUMN,ATTRIBUTE_TYPE,IS_MANDATORY,IS_SEARCH,IS_AUDIT,IS_SUMMARY,IS_INTERNAL_PRIMARY,IS_PRIMARY,TEMPLATE_ENABLED,ATTRIBUTE_SCOPE,DEFAULT_EXP,OPERATOR_TYPE,IS_SERIALIZED,Created_By,Created_On,Updated_By,Updated_On) VALUES ("A-220100014919","InvestmentRealEstate_TotalAmountInvestmentWords","E-2201000150","Total Amount of Investment Words","STRING_VAL17","String","1",0,0,0,0,0,"0","None","''","Like",0,"System","2021-05-02T18:54:18.227","System","2021-05-02T18:54:18.228") ;
INSERT INTO META_ENTITY_ATTRIB (ATTRIBUTE_ID,SYSTEM_NAME,META_ENT_ID,ATTRIBUTE_NAME,TABLE_COLUMN,ATTRIBUTE_TYPE,IS_MANDATORY,IS_SEARCH,IS_AUDIT,IS_SUMMARY,IS_INTERNAL_PRIMARY,IS_PRIMARY,TEMPLATE_ENABLED,ATTRIBUTE_SCOPE,DEFAULT_EXP,OPERATOR_TYPE,IS_SERIALIZED,Created_By,Created_On,Updated_By,Updated_On) VALUES ("A-220100014920","InvestmentRealEstate_AmountPerInstallmentFigures","E-2201000150","Amount per Installament / Rent Figures","STRING_VAL18","String","1",0,0,0,0,0,"0","None","''","Like",0,"System","2021-05-02T18:54:18.229","System","2021-05-02T18:54:18.23") ;
INSERT INTO META_ENTITY_ATTRIB (ATTRIBUTE_ID,SYSTEM_NAME,META_ENT_ID,ATTRIBUTE_NAME,TABLE_COLUMN,ATTRIBUTE_TYPE,IS_MANDATORY,IS_SEARCH,IS_AUDIT,IS_SUMMARY,IS_INTERNAL_PRIMARY,IS_PRIMARY,TEMPLATE_ENABLED,ATTRIBUTE_SCOPE,DEFAULT_EXP,OPERATOR_TYPE,IS_SERIALIZED,Created_By,Created_On,Updated_By,Updated_On) VALUES ("A-220100014921","InvestmentRealEstate_AmountPerInstallmentWords","E-2201000150","Amount per Installament / Rent Words","STRING_VAL19","String","1",0,0,0,0,0,"0","None","''","Like",0,"System","2021-05-02T18:54:18.232","System","2021-05-02T18:54:18.233") ;
INSERT INTO META_ENTITY_ATTRIB (ATTRIBUTE_ID,SYSTEM_NAME,META_ENT_ID,ATTRIBUTE_NAME,TABLE_COLUMN,ATTRIBUTE_TYPE,IS_MANDATORY,IS_SEARCH,IS_AUDIT,IS_SUMMARY,IS_INTERNAL_PRIMARY,IS_PRIMARY,TEMPLATE_ENABLED,ATTRIBUTE_SCOPE,DEFAULT_EXP,OPERATOR_TYPE,IS_SERIALIZED,Created_By,Created_On,Updated_By,Updated_On) VALUES ("A-220100014922","InvestmentRealEstate_ModeOfPayment","E-2201000150","Mode of Payment","STRING_VAL20","String","1",0,0,0,0,0,"0","None","''","Like",0,"System","2021-05-02T18:54:18.235","System","2021-05-02T18:54:18.235") ;
INSERT INTO META_ENTITY_ATTRIB (ATTRIBUTE_ID,SYSTEM_NAME,META_ENT_ID,ATTRIBUTE_NAME,TABLE_COLUMN,ATTRIBUTE_TYPE,IS_MANDATORY,IS_SEARCH,IS_AUDIT,IS_SUMMARY,IS_INTERNAL_PRIMARY,IS_PRIMARY,TEMPLATE_ENABLED,ATTRIBUTE_SCOPE,DEFAULT_EXP,OPERATOR_TYPE,IS_SERIALIZED,Created_By,Created_On,Updated_By,Updated_On) VALUES ("A-220100014923","InvestmentRealEstate_NumberOfTranches","E-2201000150","Number Of Tranches","STRING_VAL21","String","1",0,0,0,0,0,"0","None","''","Like",0,"System","2021-05-02T18:54:18.237","System","2021-05-02T18:54:18.237") ;
INSERT INTO META_ENTITY_ATTRIB (ATTRIBUTE_ID,SYSTEM_NAME,META_ENT_ID,ATTRIBUTE_NAME,TABLE_COLUMN,ATTRIBUTE_TYPE,IS_MANDATORY,IS_SEARCH,IS_AUDIT,IS_SUMMARY,IS_INTERNAL_PRIMARY,IS_PRIMARY,TEMPLATE_ENABLED,ATTRIBUTE_SCOPE,DEFAULT_EXP,OPERATOR_TYPE,IS_SERIALIZED,Created_By,Created_On,Updated_By,Updated_On) VALUES ("A-220100014924","InvestmentRealEstate_AmountTranch_1","E-2201000150","Amount Tranch-1","CARD_TITLE1","String","1",0,0,0,0,0,"0","None","''","Like",0,"System","2021-05-02T18:54:18.239","System","2021-05-02T18:54:18.239") ;
INSERT INTO META_ENTITY_ATTRIB (ATTRIBUTE_ID,SYSTEM_NAME,META_ENT_ID,ATTRIBUTE_NAME,TABLE_COLUMN,ATTRIBUTE_TYPE,IS_MANDATORY,IS_SEARCH,IS_AUDIT,IS_SUMMARY,IS_INTERNAL_PRIMARY,IS_PRIMARY,TEMPLATE_ENABLED,ATTRIBUTE_SCOPE,DEFAULT_EXP,OPERATOR_TYPE,IS_SERIALIZED,Created_By,Created_On,Updated_By,Updated_On) VALUES ("A-220100014925","InvestmentRealEstate_AmountTranch_2","E-2201000150","Amount Tranch-2","CARD_TITLE2","String","1",0,0,0,0,0,"0","None","''","Like",0,"System","2021-05-02T18:54:18.241","System","2021-05-02T18:54:18.241") ;
INSERT INTO META_ENTITY_ATTRIB (ATTRIBUTE_ID,SYSTEM_NAME,META_ENT_ID,ATTRIBUTE_NAME,TABLE_COLUMN,ATTRIBUTE_TYPE,IS_MANDATORY,IS_SEARCH,IS_AUDIT,IS_SUMMARY,IS_INTERNAL_PRIMARY,IS_PRIMARY,TEMPLATE_ENABLED,ATTRIBUTE_SCOPE,DEFAULT_EXP,OPERATOR_TYPE,IS_SERIALIZED,Created_By,Created_On,Updated_By,Updated_On) VALUES ("A-220100014926","InvestmentRealEstate_AmountTranch_3","E-2201000150","Amount Tranch-3","CARD_TITLE3","String","1",0,0,0,0,0,"0","None","''","Like",0,"System","2021-05-02T18:54:18.243","System","2021-05-02T18:54:18.243") ;
INSERT INTO META_ENTITY_ATTRIB (ATTRIBUTE_ID,SYSTEM_NAME,META_ENT_ID,ATTRIBUTE_NAME,TABLE_COLUMN,ATTRIBUTE_TYPE,IS_MANDATORY,IS_SEARCH,IS_AUDIT,IS_SUMMARY,IS_INTERNAL_PRIMARY,IS_PRIMARY,TEMPLATE_ENABLED,ATTRIBUTE_SCOPE,DEFAULT_EXP,OPERATOR_TYPE,IS_SERIALIZED,Created_By,Created_On,Updated_By,Updated_On) VALUES ("A-220100014927","InvestmentRealEstate_AmountTranch_4","E-2201000150","Amount Tranch-4","CARD_TITLE4","String","1",0,0,0,0,0,"0","None","''","Like",0,"System","2021-05-02T18:54:18.245","System","2021-05-02T18:54:18.245") ;
INSERT INTO META_ENTITY_ATTRIB (ATTRIBUTE_ID,SYSTEM_NAME,META_ENT_ID,ATTRIBUTE_NAME,TABLE_COLUMN,ATTRIBUTE_TYPE,IS_MANDATORY,IS_SEARCH,IS_AUDIT,IS_SUMMARY,IS_INTERNAL_PRIMARY,IS_PRIMARY,TEMPLATE_ENABLED,ATTRIBUTE_SCOPE,DEFAULT_EXP,OPERATOR_TYPE,IS_SERIALIZED,Created_By,Created_On,Updated_By,Updated_On) VALUES ("A-220100014928","InvestmentRealEstate_Frequency","E-2201000150","Frequency","STRING_VAL22","String","1",0,0,0,0,0,"0","None","''","Like",0,"System","2021-05-02T18:54:18.247","System","2021-05-02T18:54:18.248") ;
INSERT INTO META_VIEW (META_VIEW_ID,VIEW_NAME_PRM,SYSTEM_NAME,VIEW_NAME_SEC,VIEW_TYPE,META_ENT_ID,DIMENSION,IS_MAIN,IS_DEFAULT,IS_READ_ONLY,IS_PRIMARY_LINK,DISPLAY_ORDER,SELECT_CRITERIA,PAGE_SIZE,Created_By,Created_On,Updated_By,Updated_On) VALUES ("V-220100014902","Investment in Real Estate Form","EForm.View.InvestmentRealEstate.Detail","Investment in Real Estate Form","Detail","E-2201000150","0","1","1",0,1,1,NULL,0,"System","2021-05-02T18:54:18.252","System","2021-05-02T18:54:18.253") ;
INSERT INTO META_VIEW (META_VIEW_ID,VIEW_NAME_PRM,SYSTEM_NAME,VIEW_NAME_SEC,VIEW_TYPE,META_ENT_ID,DIMENSION,IS_MAIN,IS_DEFAULT,IS_READ_ONLY,IS_PRIMARY_LINK,DISPLAY_ORDER,SELECT_CRITERIA,PAGE_SIZE,Created_By,Created_On,Updated_By,Updated_On) VALUES ("V-220100014903","Investment in Real Estate","Unison.Document.EForm.InvestmentRealEstateFormSectionView","Investment in Real Estate","Section","E-2201000150","0x2","0","0",0,1,1,NULL,0,"System","2021-05-02T18:54:18.254","System","2021-05-02T18:54:18.255") ;
INSERT INTO META_VIEW_ATTRIB (VIEW_ATTRIB_ID,META_VIEW_ID,ATTRIBUTE_ID,SYSTEM_NAME,META_ENT_ID,IS_READ_ONLY,DISPLAY_ORDER,COMPONENT_TYPE,IS_AGGREGATED,DISPLAY_NAME_PRM,DISPLAY_NAME_SEC,IS_FOREIGN_VAL_DISPLAY,IS_POST_BACK,RENDER_AS_POPUP,Created_By,Created_On,Updated_By,Updated_On) VALUES ("VA-220100014902","V-220100014903","A-220100014902","InvestmentRealEstate_SelectRequestType","E-2201000150",0,1,"TextBox",0,"Select Request Type","Select Request Type",0,0,0,"System","2021-05-02T18:54:18.257","System","2021-05-02T18:54:18.258") ;
INSERT INTO META_VIEW_ATTRIB (VIEW_ATTRIB_ID,META_VIEW_ID,ATTRIBUTE_ID,SYSTEM_NAME,META_ENT_ID,IS_READ_ONLY,DISPLAY_ORDER,COMPONENT_TYPE,IS_AGGREGATED,DISPLAY_NAME_PRM,DISPLAY_NAME_SEC,IS_FOREIGN_VAL_DISPLAY,IS_POST_BACK,RENDER_AS_POPUP,Created_By,Created_On,Updated_By,Updated_On) VALUES ("VA-220100014903","V-220100014903","A-220100014903","InvestmentRealEstate_UniqueRegistrationNumber","E-2201000150",0,3,"TextBox",0,"Unique Registration Number","Unique Registration Number",0,0,0,"System","2021-05-02T18:54:18.259","System","2021-05-02T18:54:18.26") ;
INSERT INTO META_VIEW_ATTRIB (VIEW_ATTRIB_ID,META_VIEW_ID,ATTRIBUTE_ID,SYSTEM_NAME,META_ENT_ID,IS_READ_ONLY,DISPLAY_ORDER,COMPONENT_TYPE,IS_AGGREGATED,DISPLAY_NAME_PRM,DISPLAY_NAME_SEC,IS_FOREIGN_VAL_DISPLAY,IS_POST_BACK,RENDER_AS_POPUP,Created_By,Created_On,Updated_By,Updated_On) VALUES ("VA-220100014904","V-220100014903","A-220100014904","InvestmentRealEstate_RegistrationNumber","E-2201000150",0,5,"TextBox",0,"Registration Number","Registration Number",0,0,0,"System","2021-05-02T18:54:18.262","System","2021-05-02T18:54:18.262") ;
INSERT INTO META_VIEW_ATTRIB (VIEW_ATTRIB_ID,META_VIEW_ID,ATTRIBUTE_ID,SYSTEM_NAME,META_ENT_ID,IS_READ_ONLY,DISPLAY_ORDER,COMPONENT_TYPE,IS_AGGREGATED,DISPLAY_NAME_PRM,DISPLAY_NAME_SEC,IS_FOREIGN_VAL_DISPLAY,IS_POST_BACK,RENDER_AS_POPUP,Created_By,Created_On,Updated_By,Updated_On) VALUES ("VA-220100014905","V-220100014903","A-220100014905","InvestmentRealEstate_RDAAccountNumber","E-2201000150",0,7,"TextBox",0,"RDA Account Number","RDA Account Number",0,0,0,"System","2021-05-02T18:54:18.264","System","2021-05-02T18:54:18.264") ;
INSERT INTO META_VIEW_ATTRIB (VIEW_ATTRIB_ID,META_VIEW_ID,ATTRIBUTE_ID,SYSTEM_NAME,META_ENT_ID,IS_READ_ONLY,DISPLAY_ORDER,COMPONENT_TYPE,IS_AGGREGATED,DISPLAY_NAME_PRM,DISPLAY_NAME_SEC,IS_FOREIGN_VAL_DISPLAY,IS_POST_BACK,RENDER_AS_POPUP,Created_By,Created_On,Updated_By,Updated_On) VALUES ("VA-220100014906","V-220100014903","A-220100014906","InvestmentRealEstate_AccountTitle","E-2201000150",0,9,"TextBox",0,"Account Title","Account Title",0,0,0,"System","2021-05-02T18:54:18.266","System","2021-05-02T18:54:18.266") ;
INSERT INTO META_VIEW_ATTRIB (VIEW_ATTRIB_ID,META_VIEW_ID,ATTRIBUTE_ID,SYSTEM_NAME,META_ENT_ID,IS_READ_ONLY,DISPLAY_ORDER,COMPONENT_TYPE,IS_AGGREGATED,DISPLAY_NAME_PRM,DISPLAY_NAME_SEC,IS_FOREIGN_VAL_DISPLAY,IS_POST_BACK,RENDER_AS_POPUP,Created_By,Created_On,Updated_By,Updated_On) VALUES ("VA-220100014907","V-220100014903","A-220100014907","InvestmentRealEstate_AccountCurrency","E-2201000150",0,11,"TextBox",0,"Account Currency","Account Currency",0,0,0,"System","2021-05-02T18:54:18.27","System","2021-05-02T18:54:18.271") ;
INSERT INTO META_VIEW_ATTRIB (VIEW_ATTRIB_ID,META_VIEW_ID,ATTRIBUTE_ID,SYSTEM_NAME,META_ENT_ID,IS_READ_ONLY,DISPLAY_ORDER,COMPONENT_TYPE,IS_AGGREGATED,DISPLAY_NAME_PRM,DISPLAY_NAME_SEC,IS_FOREIGN_VAL_DISPLAY,IS_POST_BACK,RENDER_AS_POPUP,Created_By,Created_On,Updated_By,Updated_On) VALUES ("VA-220100014908","V-220100014903","A-220100014908","InvestmentRealEstate_SelectRequestType","E-2201000150",0,13,"TextBox",0,"Product Type","Product Type",0,0,0,"System","2021-05-02T18:54:18.272","System","2021-05-02T18:54:18.272") ;
INSERT INTO META_VIEW_ATTRIB (VIEW_ATTRIB_ID,META_VIEW_ID,ATTRIBUTE_ID,SYSTEM_NAME,META_ENT_ID,IS_READ_ONLY,DISPLAY_ORDER,COMPONENT_TYPE,IS_AGGREGATED,DISPLAY_NAME_PRM,DISPLAY_NAME_SEC,IS_FOREIGN_VAL_DISPLAY,IS_POST_BACK,RENDER_AS_POPUP,Created_By,Created_On,Updated_By,Updated_On) VALUES ("VA-220100014909","V-220100014903","A-220100014909","InvestmentRealEstate_ProductType","E-2201000150",0,15,"TextBox",0,"Address of the Property","Address of the Property",0,0,0,"System","2021-05-02T18:54:18.275","System","2021-05-02T18:54:18.276") ;
INSERT INTO META_VIEW_ATTRIB (VIEW_ATTRIB_ID,META_VIEW_ID,ATTRIBUTE_ID,SYSTEM_NAME,META_ENT_ID,IS_READ_ONLY,DISPLAY_ORDER,COMPONENT_TYPE,IS_AGGREGATED,DISPLAY_NAME_PRM,DISPLAY_NAME_SEC,IS_FOREIGN_VAL_DISPLAY,IS_POST_BACK,RENDER_AS_POPUP,Created_By,Created_On,Updated_By,Updated_On) VALUES ("VA-220100014910","V-220100014903","A-220100014910","InvestmentRealEstate_AddressOfProperty","E-2201000150",0,17,"TextBox",0,"Select Request Type","Select Request Type",0,0,0,"System","2021-05-02T18:54:18.278","System","2021-05-02T18:54:18.278") ;
INSERT INTO META_VIEW_ATTRIB (VIEW_ATTRIB_ID,META_VIEW_ID,ATTRIBUTE_ID,SYSTEM_NAME,META_ENT_ID,IS_READ_ONLY,DISPLAY_ORDER,COMPONENT_TYPE,IS_AGGREGATED,DISPLAY_NAME_PRM,DISPLAY_NAME_SEC,IS_FOREIGN_VAL_DISPLAY,IS_POST_BACK,RENDER_AS_POPUP,Created_By,Created_On,Updated_By,Updated_On) VALUES ("VA-220100014911","V-220100014903","A-220100014911","InvestmentRealEstate_DateOfSale","E-2201000150",0,19,"TextBox",0,"Date of Sales agreement","Date of Sales agreement",0,0,0,"System","2021-05-02T18:54:18.28","System","2021-05-02T18:54:18.281") ;
INSERT INTO META_VIEW_ATTRIB (VIEW_ATTRIB_ID,META_VIEW_ID,ATTRIBUTE_ID,SYSTEM_NAME,META_ENT_ID,IS_READ_ONLY,DISPLAY_ORDER,COMPONENT_TYPE,IS_AGGREGATED,DISPLAY_NAME_PRM,DISPLAY_NAME_SEC,IS_FOREIGN_VAL_DISPLAY,IS_POST_BACK,RENDER_AS_POPUP,Created_By,Created_On,Updated_By,Updated_On) VALUES ("VA-220100014912","V-220100014903","A-220100014912","InvestmentRealEstate_PropertyValue_1","E-2201000150",0,21,"TextBox",0,"Property Value as per Valuation Report-1","Property Value as per Valuation Report-1",0,0,0,"System","2021-05-02T18:54:18.282","System","2021-05-02T18:54:18.283") ;
INSERT INTO META_VIEW_ATTRIB (VIEW_ATTRIB_ID,META_VIEW_ID,ATTRIBUTE_ID,SYSTEM_NAME,META_ENT_ID,IS_READ_ONLY,DISPLAY_ORDER,COMPONENT_TYPE,IS_AGGREGATED,DISPLAY_NAME_PRM,DISPLAY_NAME_SEC,IS_FOREIGN_VAL_DISPLAY,IS_POST_BACK,RENDER_AS_POPUP,Created_By,Created_On,Updated_By,Updated_On) VALUES ("VA-220100014913","V-220100014903","A-220100014913","InvestmentRealEstate_NameOfValuator_1","E-2201000150",0,23,"TextBox",0,"Name of the Valuator -1","Name of the Valuator -1",0,0,0,"System","2021-05-02T18:54:18.285","System","2021-05-02T18:54:18.286") ;
INSERT INTO META_VIEW_ATTRIB (VIEW_ATTRIB_ID,META_VIEW_ID,ATTRIBUTE_ID,SYSTEM_NAME,META_ENT_ID,IS_READ_ONLY,DISPLAY_ORDER,COMPONENT_TYPE,IS_AGGREGATED,DISPLAY_NAME_PRM,DISPLAY_NAME_SEC,IS_FOREIGN_VAL_DISPLAY,IS_POST_BACK,RENDER_AS_POPUP,Created_By,Created_On,Updated_By,Updated_On) VALUES ("VA-220100014915","V-220100014903","A-220100014914","InvestmentRealEstate_PropertyValue_2","E-2201000150",0,25,"TextBox",0,"Property Value as per Valuation Report - 2","Property Value as per Valuation Report - 2",0,0,0,"System","2021-05-02T18:54:18.287","System","2021-05-02T18:54:18.288") ;
INSERT INTO META_VIEW_ATTRIB (VIEW_ATTRIB_ID,META_VIEW_ID,ATTRIBUTE_ID,SYSTEM_NAME,META_ENT_ID,IS_READ_ONLY,DISPLAY_ORDER,COMPONENT_TYPE,IS_AGGREGATED,DISPLAY_NAME_PRM,DISPLAY_NAME_SEC,IS_FOREIGN_VAL_DISPLAY,IS_POST_BACK,RENDER_AS_POPUP,Created_By,Created_On,Updated_By,Updated_On) VALUES ("VA-220100014915","V-220100014903","A-220100014915","InvestmentRealEstate_NameOfValuator_2","E-2201000150",0,25,"TextBox",0,"Name of the Valuator -2","Name of the Valuator -2",0,0,0,"System","2021-05-02T18:54:18.289","System","2021-05-02T18:54:18.29") ;
INSERT INTO META_VIEW_ATTRIB (VIEW_ATTRIB_ID,META_VIEW_ID,ATTRIBUTE_ID,SYSTEM_NAME,META_ENT_ID,IS_READ_ONLY,DISPLAY_ORDER,COMPONENT_TYPE,IS_AGGREGATED,DISPLAY_NAME_PRM,DISPLAY_NAME_SEC,IS_FOREIGN_VAL_DISPLAY,IS_POST_BACK,RENDER_AS_POPUP,Created_By,Created_On,Updated_By,Updated_On) VALUES ("VA-220100014916","V-220100014903","A-220100014915","InvestmentRealEstate_CounterPartyType","E-2201000150",0,2,"TextBox",0,"Counter Party Type","Counter Party Type",0,0,0,"System","2021-05-02T18:54:18.291","System","2021-05-02T18:54:18.291") ;
INSERT INTO META_VIEW_ATTRIB (VIEW_ATTRIB_ID,META_VIEW_ID,ATTRIBUTE_ID,SYSTEM_NAME,META_ENT_ID,IS_READ_ONLY,DISPLAY_ORDER,COMPONENT_TYPE,IS_AGGREGATED,DISPLAY_NAME_PRM,DISPLAY_NAME_SEC,IS_FOREIGN_VAL_DISPLAY,IS_POST_BACK,RENDER_AS_POPUP,Created_By,Created_On,Updated_By,Updated_On) VALUES ("VA-220100014917","V-220100014903","A-220100014916","InvestmentRealEstate_NameOfCounterParty","E-2201000150",0,4,"TextBox",0,"Name of the Counter Party","Name of the Counter Party",0,0,0,"System","2021-05-02T18:54:18.292","System","2021-05-02T18:54:18.293") ;
INSERT INTO META_VIEW_ATTRIB (VIEW_ATTRIB_ID,META_VIEW_ID,ATTRIBUTE_ID,SYSTEM_NAME,META_ENT_ID,IS_READ_ONLY,DISPLAY_ORDER,COMPONENT_TYPE,IS_AGGREGATED,DISPLAY_NAME_PRM,DISPLAY_NAME_SEC,IS_FOREIGN_VAL_DISPLAY,IS_POST_BACK,RENDER_AS_POPUP,Created_By,Created_On,Updated_By,Updated_On) VALUES ("VA-220100014918","V-220100014903","A-220100014917","InvestmentRealEstate_CNICOfCounterParty","E-2201000150",0,6,"TextBox",0,"CNIC / NTN number of the Counter Party","CNIC / NTN number of the Counter Party",0,0,0,"System","2021-05-02T18:54:18.294","System","2021-05-02T18:54:18.295") ;
INSERT INTO META_VIEW_ATTRIB (VIEW_ATTRIB_ID,META_VIEW_ID,ATTRIBUTE_ID,SYSTEM_NAME,META_ENT_ID,IS_READ_ONLY,DISPLAY_ORDER,COMPONENT_TYPE,IS_AGGREGATED,DISPLAY_NAME_PRM,DISPLAY_NAME_SEC,IS_FOREIGN_VAL_DISPLAY,IS_POST_BACK,RENDER_AS_POPUP,Created_By,Created_On,Updated_By,Updated_On) VALUES ("VA-220100014919","V-220100014903","A-220100014918","InvestmentRealEstate_TotalAmountInvestmentFigures","E-2201000150",0,10,"TextBox",0,"Total Amount of Investment Figures","Total Amount of Investment Figures",0,0,0,"System","2021-05-02T18:54:18.296","System","2021-05-02T18:54:18.297") ;
INSERT INTO META_VIEW_ATTRIB (VIEW_ATTRIB_ID,META_VIEW_ID,ATTRIBUTE_ID,SYSTEM_NAME,META_ENT_ID,IS_READ_ONLY,DISPLAY_ORDER,COMPONENT_TYPE,IS_AGGREGATED,DISPLAY_NAME_PRM,DISPLAY_NAME_SEC,IS_FOREIGN_VAL_DISPLAY,IS_POST_BACK,RENDER_AS_POPUP,Created_By,Created_On,Updated_By,Updated_On) VALUES ("VA-220100014920","V-220100014903","A-220100014919","InvestmentRealEstate_TotalAmountInvestmentWords","E-2201000150",0,12,"TextBox",0,"Total Amount of Investment Words","Total Amount of Investment Words",0,0,0,"System","2021-05-02T18:54:18.299","System","2021-05-02T18:54:18.299") ;
INSERT INTO META_VIEW_ATTRIB (VIEW_ATTRIB_ID,META_VIEW_ID,ATTRIBUTE_ID,SYSTEM_NAME,META_ENT_ID,IS_READ_ONLY,DISPLAY_ORDER,COMPONENT_TYPE,IS_AGGREGATED,DISPLAY_NAME_PRM,DISPLAY_NAME_SEC,IS_FOREIGN_VAL_DISPLAY,IS_POST_BACK,RENDER_AS_POPUP,Created_By,Created_On,Updated_By,Updated_On) VALUES ("VA-220100014921","V-220100014903","A-220100014920","InvestmentRealEstate_AmountPerInstallmentFigures","E-2201000150",0,14,"TextBox",0,"Amount per installament / Rent Figures","Amount per installament / Rent Figures",0,0,0,"System","2021-05-02T18:54:18.301","System","2021-05-02T18:54:18.302") ;
INSERT INTO META_VIEW_ATTRIB (VIEW_ATTRIB_ID,META_VIEW_ID,ATTRIBUTE_ID,SYSTEM_NAME,META_ENT_ID,IS_READ_ONLY,DISPLAY_ORDER,COMPONENT_TYPE,IS_AGGREGATED,DISPLAY_NAME_PRM,DISPLAY_NAME_SEC,IS_FOREIGN_VAL_DISPLAY,IS_POST_BACK,RENDER_AS_POPUP,Created_By,Created_On,Updated_By,Updated_On) VALUES ("VA-220100014922","V-220100014903","A-220100014921","InvestmentRealEstate_AmountPerInstallmentWords","E-2201000150",0,16,"TextBox",0,"Amount per installament / Rent Words","Amount per installament / Rent Words",0,0,0,"System","2021-05-02T18:54:18.304","System","2021-05-02T18:54:18.304") ;
INSERT INTO META_VIEW_ATTRIB (VIEW_ATTRIB_ID,META_VIEW_ID,ATTRIBUTE_ID,SYSTEM_NAME,META_ENT_ID,IS_READ_ONLY,DISPLAY_ORDER,COMPONENT_TYPE,IS_AGGREGATED,DISPLAY_NAME_PRM,DISPLAY_NAME_SEC,IS_FOREIGN_VAL_DISPLAY,IS_POST_BACK,RENDER_AS_POPUP,Created_By,Created_On,Updated_By,Updated_On) VALUES ("VA-220100014923","V-220100014903","A-220100014922","InvestmentRealEstate_ModeOfPayment","E-2201000150",0,27,"TextBox",0,"Mode of Payment","Mode of Payment",0,0,0,"System","2021-05-02T18:54:18.306","System","2021-05-02T18:54:18.306") ;
INSERT INTO META_VIEW_ATTRIB (VIEW_ATTRIB_ID,META_VIEW_ID,ATTRIBUTE_ID,SYSTEM_NAME,META_ENT_ID,IS_READ_ONLY,DISPLAY_ORDER,COMPONENT_TYPE,IS_AGGREGATED,DISPLAY_NAME_PRM,DISPLAY_NAME_SEC,IS_FOREIGN_VAL_DISPLAY,IS_POST_BACK,RENDER_AS_POPUP,Created_By,Created_On,Updated_By,Updated_On) VALUES ("VA-220100014924","V-220100014903","A-220100014923","InvestmentRealEstate_NumberOfTranches","E-2201000150",0,18,"TextBox",0,"Number Of Tranches","Number Of Tranches",0,0,0,"System","2021-05-02T18:54:18.308","System","2021-05-02T18:54:18.308") ;
INSERT INTO META_VIEW_ATTRIB (VIEW_ATTRIB_ID,META_VIEW_ID,ATTRIBUTE_ID,SYSTEM_NAME,META_ENT_ID,IS_READ_ONLY,DISPLAY_ORDER,COMPONENT_TYPE,IS_AGGREGATED,DISPLAY_NAME_PRM,DISPLAY_NAME_SEC,IS_FOREIGN_VAL_DISPLAY,IS_POST_BACK,RENDER_AS_POPUP,Created_By,Created_On,Updated_By,Updated_On) VALUES ("VA-220100014925","V-220100014903","A-220100014924","InvestmentRealEstate_AmountTranch_1","E-2201000150",0,20,"TextBox",0,"Amount Tranch-1","Amount Tranch-1",0,0,0,"System","2021-05-02T18:54:18.31","System","2021-05-02T18:54:18.311") ;
INSERT INTO META_VIEW_ATTRIB (VIEW_ATTRIB_ID,META_VIEW_ID,ATTRIBUTE_ID,SYSTEM_NAME,META_ENT_ID,IS_READ_ONLY,DISPLAY_ORDER,COMPONENT_TYPE,IS_AGGREGATED,DISPLAY_NAME_PRM,DISPLAY_NAME_SEC,IS_FOREIGN_VAL_DISPLAY,IS_POST_BACK,RENDER_AS_POPUP,Created_By,Created_On,Updated_By,Updated_On) VALUES ("VA-220100014926","V-220100014903","A-220100014925","InvestmentRealEstate_AmountTranch_2","E-2201000150",0,22,"TextBox",0,"Amount Tranch-2","Amount Tranch-2",0,0,0,"System","2021-05-02T18:54:18.312","System","2021-05-02T18:54:18.312") ;
INSERT INTO META_VIEW_ATTRIB (VIEW_ATTRIB_ID,META_VIEW_ID,ATTRIBUTE_ID,SYSTEM_NAME,META_ENT_ID,IS_READ_ONLY,DISPLAY_ORDER,COMPONENT_TYPE,IS_AGGREGATED,DISPLAY_NAME_PRM,DISPLAY_NAME_SEC,IS_FOREIGN_VAL_DISPLAY,IS_POST_BACK,RENDER_AS_POPUP,Created_By,Created_On,Updated_By,Updated_On) VALUES ("VA-220100014927","V-220100014903","A-220100014926","InvestmentRealEstate_AmountTranch_3","E-2201000150",0,24,"TextBox",0,"Amount Tranch-3","Amount Tranch-3",0,0,0,"System","2021-05-02T18:54:18.314","System","2021-05-02T18:54:18.314") ;
INSERT INTO META_VIEW_ATTRIB (VIEW_ATTRIB_ID,META_VIEW_ID,ATTRIBUTE_ID,SYSTEM_NAME,META_ENT_ID,IS_READ_ONLY,DISPLAY_ORDER,COMPONENT_TYPE,IS_AGGREGATED,DISPLAY_NAME_PRM,DISPLAY_NAME_SEC,IS_FOREIGN_VAL_DISPLAY,IS_POST_BACK,RENDER_AS_POPUP,Created_By,Created_On,Updated_By,Updated_On) VALUES ("VA-220100014928","V-220100014903","A-220100014927","InvestmentRealEstate_AmountTranch_4","E-2201000150",0,26,"TextBox",0,"Amount Tranch-4","Amount Tranch-4",0,0,0,"System","2021-05-02T18:54:18.315","System","2021-05-02T18:54:18.316") ;
INSERT INTO META_VIEW_ATTRIB (VIEW_ATTRIB_ID,META_VIEW_ID,ATTRIBUTE_ID,SYSTEM_NAME,META_ENT_ID,IS_READ_ONLY,DISPLAY_ORDER,COMPONENT_TYPE,IS_AGGREGATED,DISPLAY_NAME_PRM,DISPLAY_NAME_SEC,IS_FOREIGN_VAL_DISPLAY,IS_POST_BACK,RENDER_AS_POPUP,Created_By,Created_On,Updated_By,Updated_On) VALUES ("VA-220100014929","V-220100014903","A-220100014928","InvestmentRealEstate_Frequency","E-2201000150",0,8,"TextBox",0,"Frequency","Frequency",0,0,0,"System","2021-05-02T18:54:18.319","System","2021-05-02T18:54:18.319") ;
INSERT INTO META_VIEW_RELATIONSHIP (RELATION_ID,PARENT_VIEW_ID,CHILD_VIEW_ID,CHILD_ORDER_IN_PARENT,RELATION_TYPE,Created_By,Created_On,Updated_By,Updated_On) VALUES ("VR-220100014902","V-220100014902","V-220100014903",3,"CONTAINMENT","System","2021-05-02T18:54:18.321","System","2021-05-02T18:54:18.322") ;
INSERT INTO META_VIEW_RELATIONSHIP (RELATION_ID,PARENT_VIEW_ID,CHILD_VIEW_ID,CHILD_ORDER_IN_PARENT,RELATION_TYPE,Created_By,Created_On,Updated_By,Updated_On) VALUES ("VR-220100014903","V-220100014902","2000000155",2,"CONTAINMENT","System","2021-05-02T18:54:18.327","System","2021-05-02T18:54:18.328") ;
INSERT INTO META_VIEW_RELATIONSHIP (RELATION_ID,PARENT_VIEW_ID,CHILD_VIEW_ID,CHILD_ORDER_IN_PARENT,RELATION_TYPE,Created_By,Created_On,Updated_By,Updated_On) VALUES ("VR-220100014904","V-220100014902","2000000156",4,"CONTAINMENT","System","2021-05-02T18:54:18.329","System","2021-05-02T18:54:18.33") ;
INSERT INTO META_VIEW_RELATIONSHIP (RELATION_ID,PARENT_VIEW_ID,CHILD_VIEW_ID,CHILD_ORDER_IN_PARENT,RELATION_TYPE,Created_By,Created_On,Updated_By,Updated_On) VALUES ("VR-220100014905","V-220100014902","2000000157",1,"CONTAINMENT","System","2021-05-02T18:54:18.331","System","2021-05-02T18:54:18.332") ;
INSERT INTO META_VIEW_RELATIONSHIP (RELATION_ID,PARENT_VIEW_ID,CHILD_VIEW_ID,CHILD_ORDER_IN_PARENT,RELATION_TYPE,Created_By,Created_On,Updated_By,Updated_On) VALUES ("VR-220100014906","V-220100014902","2000000158",5,"CONTAINMENT","System","2021-05-02T18:54:18.333","System","2021-05-02T18:54:18.333") ;
INSERT INTO META_VIEW_RELATIONSHIP (RELATION_ID,PARENT_VIEW_ID,CHILD_VIEW_ID,CHILD_ORDER_IN_PARENT,RELATION_TYPE,Created_By,Created_On,Updated_By,Updated_On) VALUES ("VR-220100014907","V-220100014902","2000000159",6,"CONTAINMENT","System","2021-05-02T18:54:18.335","System","2021-05-02T18:54:18.336") ;
INSERT INTO META_ENTITY_RELATIONSHIP (RELATIONSHIP_ID,SYSTEM_NAME,SUB_ENTITY_ID,MAIN_ENTITY_ID,RELATION_TYPE,MAIN_ENTITY_KEY,SUB_ENTITY_KEY,Created_By,Created_On,Updated_By,Updated_On) VALUES ("ER-220100014902","GetInputField('SYSTEM_NAME')","2000000150","E-2201000150","DIRECT","EFORM_TICKET_NUM","REF_DOC_NUM","System","2021-05-02T18:54:18.338","System","2021-05-02T18:54:18.339") ;
INSERT INTO META_VIEW_PARAM (PARAMETER_NAME,META_VIEW_ID,PARAMETER_VALUE,Created_By,Created_On,Updated_By,Updated_On) VALUES ("sectionColStyleClass2","V-220100014903","section_column_4","System","2021-05-02T18:54:18.34","System","2021-05-02T18:54:18.341") ;
INSERT INTO VALUE_TREE_NODE (TREE_NODE_ID,SYSTEM_NAME,PRODUCT_ENT_ID,ROOT_NODE_ID,PARENT_NODE,OTHER_CODE,TREE_NODE_NAME_PRM,TREE_NODE_NAME_SEC,HIERARCHY_LEVEL,GROUP_ID,DISPLAY_ORDER,Created_By,Created_On,Updated_By,Updated_On) VALUES ("T-220100014902","RoshanAccounts","0000000003","2000000011","2000000011","RA","Roshan Accounts","Roshan Accounts",1,"EFORM_PRODUCT",4,"System","2021-05-02T18:54:18.343","System","2021-05-02T18:54:18.343") ;
INSERT INTO META_ENTITY_CATEGORY (ENT_CATEGORY_ID,META_ENT_ID,TREE_NODE_ID,Created_By,Created_On,Updated_By,Updated_On) VALUES ("EC-220100014902","E-2201000150","T-220100014902","System","2021-05-02T18:54:18.345","System","2021-05-02T18:54:18.346") ;
INSERT INTO WF_PROCESS_ENTITY_ALLOC (PROCESS_ALLOC_ID,DOCUMENT_ENTITY,PROCESS_CODE,TURN_AROUND_TIME,ESC_STRATEGY_ID,Created_By,Created_On,Updated_By,Updated_On) VALUES ("PEA-220100014902","E-2201000150","2000000200",5760,"0000000001","System","2021-05-02T18:54:18.348","System","2021-05-02T18:54:18.348") ;
INSERT INTO WF_PROCESS_PARTICIPANT (ROLE_ID,PROCESS_ALLOC_ID,IS_SUPERVISOR,CAN_CREATE,SELECT_CRITERIA,Created_By,Created_On,Updated_By,Updated_On) VALUES ("0000000001","PEA-220100014902","1",0," true","System","2021-05-02T18:54:18.352","System","2021-05-02T18:54:18.352") ;
INSERT INTO WF_PROCESS_PARTICIPANT (ROLE_ID,PROCESS_ALLOC_ID,IS_SUPERVISOR,CAN_CREATE,SELECT_CRITERIA,Created_By,Created_On,Updated_By,Updated_On) VALUES ("0000000002","PEA-220100014902","0",0," false","System","2021-05-02T18:54:18.353","System","2021-05-02T18:54:18.354") ;
INSERT INTO ADC_FACILITY_EFORM_TYPE_MAPPING (MAPPING_ID,ADC_CODE,META_ENT_ID,Created_By,Created_On,Updated_By,Updated_On) VALUES ("220100014902","05","E-2201000150","System","2021-05-02T18:54:24.038","System","2021-05-02T18:54:24.039") ;

