INSERT INTO META_ENTITY (META_ENTITY_ID,SYSTEM_NAME,PARENT_ENTITY,ENTITY_NAME,TABLE_NAME,IS_ABSTRACT,IS_SYSTEM,TEMPLATE_ENABLED,MAJOR_TYPE,DESCRIPTION,META_ENT_NAME_PRM,META_ENT_NAME_SEC,DISCRIMINATOR_VALUE,CACHE_TIME,Created_By,Created_On,Updated_By,Updated_On) VALUES ("2201000149","Unison.Document.EForm.InvestmentRealEstate","2000000149","Investment Real Estate Form","EFORM",0,0,0,"Document","Investment Real Estate Form","Investment Real Estate Form","Investment Real Estate Form","2201000149",0,"System","2021-04-30T00:20:54.613","System","2021-04-30T00:20:54.635") );
INSERT INTO META_ENTITY_ATTRIB (ATTRIBUTE_ID,SYSTEM_NAME,META_ENT_ID,ATTRIBUTE_NAME,TABLE_COLUMN,ATTRIBUTE_TYPE,IS_MANDATORY,IS_SEARCH,IS_AUDIT,IS_SUMMARY,IS_INTERNAL_PRIMARY,IS_PRIMARY,TEMPLATE_ENABLED,ATTRIBUTE_SCOPE,DEFAULT_EXP,OPERATOR_TYPE,IS_SERIALIZED,Created_By,Created_On,Updated_By,Updated_On) VALUES ("2201000149_01","InvestmentRealEstate_SelectRequestType","2201000149","Select Request Type","STRING_VAL","String","1","0","0","0","0","0","1","None","''","Like","0","System","2021-04-30T00:20:54.64","System","2021-04-30T00:20:54.641") );
INSERT INTO META_ENTITY_ATTRIB (ATTRIBUTE_ID,SYSTEM_NAME,META_ENT_ID,ATTRIBUTE_NAME,TABLE_COLUMN,ATTRIBUTE_TYPE,IS_MANDATORY,IS_SEARCH,IS_AUDIT,IS_SUMMARY,IS_INTERNAL_PRIMARY,IS_PRIMARY,TEMPLATE_ENABLED,ATTRIBUTE_SCOPE,DEFAULT_EXP,OPERATOR_TYPE,IS_SERIALIZED,Created_By,Created_On,Updated_By,Updated_On) VALUES ("2201000149_02","InvestmentRealEstate_UniqueRegistrationNumber","2201000149","Unique Registration Number","STRING_VAL1","String","1","0","0","0","0","0","1","None","''","Like","0","System","2021-04-30T00:20:54.643","System","2021-04-30T00:20:54.644") );
INSERT INTO META_ENTITY_ATTRIB (ATTRIBUTE_ID,SYSTEM_NAME,META_ENT_ID,ATTRIBUTE_NAME,TABLE_COLUMN,ATTRIBUTE_TYPE,IS_MANDATORY,IS_SEARCH,IS_AUDIT,IS_SUMMARY,IS_INTERNAL_PRIMARY,IS_PRIMARY,TEMPLATE_ENABLED,ATTRIBUTE_SCOPE,DEFAULT_EXP,OPERATOR_TYPE,IS_SERIALIZED,Created_By,Created_On,Updated_By,Updated_On) VALUES ("2201000149_03","InvestmentRealEstate_RegistrationNumber","2201000149","Registration Number","STRING_VAL2","String","0","0","0","0","0","0","0","None","''","Like","0","System","2021-04-30T00:20:54.645","System","2021-04-30T00:20:54.646") );
INSERT INTO META_ENTITY_ATTRIB (ATTRIBUTE_ID,SYSTEM_NAME,META_ENT_ID,ATTRIBUTE_NAME,TABLE_COLUMN,ATTRIBUTE_TYPE,IS_MANDATORY,IS_SEARCH,IS_AUDIT,IS_SUMMARY,IS_INTERNAL_PRIMARY,IS_PRIMARY,TEMPLATE_ENABLED,ATTRIBUTE_SCOPE,DEFAULT_EXP,OPERATOR_TYPE,IS_SERIALIZED,Created_By,Created_On,Updated_By,Updated_On) VALUES ("2201000149_04","InvestmentRealEstate_RDAAccountNumber","2201000149","RDA Account Number","STRING_VAL3","String","1","0","0","0","0","0","0","None","''","Like","0","System","2021-04-30T00:20:54.647","System","2021-04-30T00:20:54.648") );
INSERT INTO META_ENTITY_ATTRIB (ATTRIBUTE_ID,SYSTEM_NAME,META_ENT_ID,ATTRIBUTE_NAME,TABLE_COLUMN,ATTRIBUTE_TYPE,IS_MANDATORY,IS_SEARCH,IS_AUDIT,IS_SUMMARY,IS_INTERNAL_PRIMARY,IS_PRIMARY,TEMPLATE_ENABLED,ATTRIBUTE_SCOPE,DEFAULT_EXP,OPERATOR_TYPE,IS_SERIALIZED,Created_By,Created_On,Updated_By,Updated_On) VALUES ("2201000149_05","InvestmentRealEstate_AccountTitle","2201000149","Account Title","STRING_VAL4","String","1","0","0","0","0","0","0","None","''","Like","0","System","2021-04-30T00:20:54.65","System","2021-04-30T00:20:54.65") );
INSERT INTO META_ENTITY_ATTRIB (ATTRIBUTE_ID,SYSTEM_NAME,META_ENT_ID,ATTRIBUTE_NAME,TABLE_COLUMN,ATTRIBUTE_TYPE,IS_MANDATORY,IS_SEARCH,IS_AUDIT,IS_SUMMARY,IS_INTERNAL_PRIMARY,IS_PRIMARY,TEMPLATE_ENABLED,ATTRIBUTE_SCOPE,DEFAULT_EXP,OPERATOR_TYPE,IS_SERIALIZED,Created_By,Created_On,Updated_By,Updated_On) VALUES ("2201000149_06","InvestmentRealEstate_AccountCurrency","2201000149","Account Currency","STRING_VAL5","String","1","0","0","0","0","0","0","None","''","Like","0","System","2021-04-30T00:20:54.652","System","2021-04-30T00:20:54.652") );
INSERT INTO META_ENTITY_ATTRIB (ATTRIBUTE_ID,SYSTEM_NAME,META_ENT_ID,ATTRIBUTE_NAME,TABLE_COLUMN,ATTRIBUTE_TYPE,IS_MANDATORY,IS_SEARCH,IS_AUDIT,IS_SUMMARY,IS_INTERNAL_PRIMARY,IS_PRIMARY,TEMPLATE_ENABLED,ATTRIBUTE_SCOPE,DEFAULT_EXP,OPERATOR_TYPE,IS_SERIALIZED,Created_By,Created_On,Updated_By,Updated_On) VALUES ("2201000149_07","InvestmentRealEstate_ProductType","2201000149","Product Type","STRING_VAL6","String","1","0","0","0","0","0","0","None","''","Like","0","System","2021-04-30T00:20:54.654","System","2021-04-30T00:20:54.654") );
INSERT INTO META_ENTITY_ATTRIB (ATTRIBUTE_ID,SYSTEM_NAME,META_ENT_ID,ATTRIBUTE_NAME,TABLE_COLUMN,ATTRIBUTE_TYPE,IS_MANDATORY,IS_SEARCH,IS_AUDIT,IS_SUMMARY,IS_INTERNAL_PRIMARY,IS_PRIMARY,TEMPLATE_ENABLED,ATTRIBUTE_SCOPE,DEFAULT_EXP,OPERATOR_TYPE,IS_SERIALIZED,Created_By,Created_On,Updated_By,Updated_On) VALUES ("2201000149_08","InvestmentRealEstate_AddressOfProperty","2201000149","Address of the Property","STRING_VAL7","String","1","0","0","0","0","0","0","None","''","Like","0","System","2021-04-30T00:20:54.656","System","2021-04-30T00:20:54.656") );
INSERT INTO META_ENTITY_ATTRIB (ATTRIBUTE_ID,SYSTEM_NAME,META_ENT_ID,ATTRIBUTE_NAME,TABLE_COLUMN,ATTRIBUTE_TYPE,IS_MANDATORY,IS_SEARCH,IS_AUDIT,IS_SUMMARY,IS_INTERNAL_PRIMARY,IS_PRIMARY,TEMPLATE_ENABLED,ATTRIBUTE_SCOPE,DEFAULT_EXP,OPERATOR_TYPE,IS_SERIALIZED,Created_By,Created_On,Updated_By,Updated_On) VALUES ("2201000149_09","InvestmentRealEstate_DateOfSale","2201000149","Date of Sales Agreement","STRING_VAL8","String","1","0","0","0","0","0","0","None","''","Like","0","System","2021-04-30T00:20:54.657","System","2021-04-30T00:20:54.658") );
INSERT INTO META_ENTITY_ATTRIB (ATTRIBUTE_ID,SYSTEM_NAME,META_ENT_ID,ATTRIBUTE_NAME,TABLE_COLUMN,ATTRIBUTE_TYPE,IS_MANDATORY,IS_SEARCH,IS_AUDIT,IS_SUMMARY,IS_INTERNAL_PRIMARY,IS_PRIMARY,TEMPLATE_ENABLED,ATTRIBUTE_SCOPE,DEFAULT_EXP,OPERATOR_TYPE,IS_SERIALIZED,Created_By,Created_On,Updated_By,Updated_On) VALUES ("2201000149_10","InvestmentRealEstate_PropertyValue_1","2201000149","Property Value as per Valuation Report-1","STRING_VAL9","String","1","0","0","0","0","0","0","None","''","Like","0","System","2021-04-30T00:20:54.66","System","2021-04-30T00:20:54.661") );
INSERT INTO META_ENTITY_ATTRIB (ATTRIBUTE_ID,SYSTEM_NAME,META_ENT_ID,ATTRIBUTE_NAME,TABLE_COLUMN,ATTRIBUTE_TYPE,IS_MANDATORY,IS_SEARCH,IS_AUDIT,IS_SUMMARY,IS_INTERNAL_PRIMARY,IS_PRIMARY,TEMPLATE_ENABLED,ATTRIBUTE_SCOPE,DEFAULT_EXP,OPERATOR_TYPE,IS_SERIALIZED,Created_By,Created_On,Updated_By,Updated_On) VALUES ("2201000149_11","InvestmentRealEstate_NameOfValuator_1","2201000149","Name of the Valuator -1","STRING_VAL10","String","1","0","0","0","0","0","0","None","''","Like","0","System","2021-04-30T00:20:54.663","System","2021-04-30T00:20:54.663") );
INSERT INTO META_ENTITY_ATTRIB (ATTRIBUTE_ID,SYSTEM_NAME,META_ENT_ID,ATTRIBUTE_NAME,TABLE_COLUMN,ATTRIBUTE_TYPE,IS_MANDATORY,IS_SEARCH,IS_AUDIT,IS_SUMMARY,IS_INTERNAL_PRIMARY,IS_PRIMARY,TEMPLATE_ENABLED,ATTRIBUTE_SCOPE,DEFAULT_EXP,OPERATOR_TYPE,IS_SERIALIZED,Created_By,Created_On,Updated_By,Updated_On) VALUES ("2201000149_12","InvestmentRealEstate_PropertyValue_2","2201000149","Property Value as per Valuation Report - 2","STRING_VAL11","String","1","0","0","0","0","0","0","None","''","Like","0","System","2021-04-30T00:20:54.665","System","2021-04-30T00:20:54.665") );
INSERT INTO META_ENTITY_ATTRIB (ATTRIBUTE_ID,SYSTEM_NAME,META_ENT_ID,ATTRIBUTE_NAME,TABLE_COLUMN,ATTRIBUTE_TYPE,IS_MANDATORY,IS_SEARCH,IS_AUDIT,IS_SUMMARY,IS_INTERNAL_PRIMARY,IS_PRIMARY,TEMPLATE_ENABLED,ATTRIBUTE_SCOPE,DEFAULT_EXP,OPERATOR_TYPE,IS_SERIALIZED,Created_By,Created_On,Updated_By,Updated_On) VALUES ("2201000149_13","InvestmentRealEstate_NameOfValuator_2","2201000149","Name of the Valuator -2","STRING_VAL12","String","1","0","0","0","0","0","0","None","''","Like","0","System","2021-04-30T00:20:54.667","System","2021-04-30T00:20:54.668") );
INSERT INTO META_ENTITY_ATTRIB (ATTRIBUTE_ID,SYSTEM_NAME,META_ENT_ID,ATTRIBUTE_NAME,TABLE_COLUMN,ATTRIBUTE_TYPE,IS_MANDATORY,IS_SEARCH,IS_AUDIT,IS_SUMMARY,IS_INTERNAL_PRIMARY,IS_PRIMARY,TEMPLATE_ENABLED,ATTRIBUTE_SCOPE,DEFAULT_EXP,OPERATOR_TYPE,IS_SERIALIZED,Created_By,Created_On,Updated_By,Updated_On) VALUES ("2201000149_14","InvestmentRealEstate_CounterPartyType","2201000149","Counter Party Type","STRING_VAL13","String","1","0","0","0","0","0","0","None","''","Like","0","System","2021-04-30T00:20:54.669","System","2021-04-30T00:20:54.669") );
INSERT INTO META_ENTITY_ATTRIB (ATTRIBUTE_ID,SYSTEM_NAME,META_ENT_ID,ATTRIBUTE_NAME,TABLE_COLUMN,ATTRIBUTE_TYPE,IS_MANDATORY,IS_SEARCH,IS_AUDIT,IS_SUMMARY,IS_INTERNAL_PRIMARY,IS_PRIMARY,TEMPLATE_ENABLED,ATTRIBUTE_SCOPE,DEFAULT_EXP,OPERATOR_TYPE,IS_SERIALIZED,Created_By,Created_On,Updated_By,Updated_On) VALUES ("2201000149_15","InvestmentRealEstate_NameOfCounterParty","2201000149","Name of the Counter Party","STRING_VAL14","String","1","0","0","0","0","0","0","None","''","Like","0","System","2021-04-30T00:20:54.671","System","2021-04-30T00:20:54.671") );
INSERT INTO META_ENTITY_ATTRIB (ATTRIBUTE_ID,SYSTEM_NAME,META_ENT_ID,ATTRIBUTE_NAME,TABLE_COLUMN,ATTRIBUTE_TYPE,IS_MANDATORY,IS_SEARCH,IS_AUDIT,IS_SUMMARY,IS_INTERNAL_PRIMARY,IS_PRIMARY,TEMPLATE_ENABLED,ATTRIBUTE_SCOPE,DEFAULT_EXP,OPERATOR_TYPE,IS_SERIALIZED,Created_By,Created_On,Updated_By,Updated_On) VALUES ("2201000149_16","InvestmentRealEstate_CNICOfCounterParty","2201000149","CNIC / NTN Number of the Counter Party","STRING_VAL15","String","1","0","0","0","0","0","0","None","''","Like","0","System","2021-04-30T00:20:54.673","System","2021-04-30T00:20:54.673") );
INSERT INTO META_ENTITY_ATTRIB (ATTRIBUTE_ID,SYSTEM_NAME,META_ENT_ID,ATTRIBUTE_NAME,TABLE_COLUMN,ATTRIBUTE_TYPE,IS_MANDATORY,IS_SEARCH,IS_AUDIT,IS_SUMMARY,IS_INTERNAL_PRIMARY,IS_PRIMARY,TEMPLATE_ENABLED,ATTRIBUTE_SCOPE,DEFAULT_EXP,OPERATOR_TYPE,IS_SERIALIZED,Created_By,Created_On,Updated_By,Updated_On) VALUES ("2201000149_17","InvestmentRealEstate_TotalAmountInvestmentFigures","2201000149","Total Amount of Investment Figures","STRING_VAL16","String","1","0","0","0","0","0","0","None","''","Like","0","System","2021-04-30T00:20:54.674","System","2021-04-30T00:20:54.674") );
INSERT INTO META_ENTITY_ATTRIB (ATTRIBUTE_ID,SYSTEM_NAME,META_ENT_ID,ATTRIBUTE_NAME,TABLE_COLUMN,ATTRIBUTE_TYPE,IS_MANDATORY,IS_SEARCH,IS_AUDIT,IS_SUMMARY,IS_INTERNAL_PRIMARY,IS_PRIMARY,TEMPLATE_ENABLED,ATTRIBUTE_SCOPE,DEFAULT_EXP,OPERATOR_TYPE,IS_SERIALIZED,Created_By,Created_On,Updated_By,Updated_On) VALUES ("2201000149_18","InvestmentRealEstate_TotalAmountInvestmentWords","2201000149","Total Amount of Investment Words","STRING_VAL17","String","1","0","0","0","0","0","0","None","''","Like","0","System","2021-04-30T00:20:54.675","System","2021-04-30T00:20:54.676") );
INSERT INTO META_ENTITY_ATTRIB (ATTRIBUTE_ID,SYSTEM_NAME,META_ENT_ID,ATTRIBUTE_NAME,TABLE_COLUMN,ATTRIBUTE_TYPE,IS_MANDATORY,IS_SEARCH,IS_AUDIT,IS_SUMMARY,IS_INTERNAL_PRIMARY,IS_PRIMARY,TEMPLATE_ENABLED,ATTRIBUTE_SCOPE,DEFAULT_EXP,OPERATOR_TYPE,IS_SERIALIZED,Created_By,Created_On,Updated_By,Updated_On) VALUES ("2201000149_19","InvestmentRealEstate_AmountPerInstallmentFigures","2201000149","Amount per Installament / Rent Figures","STRING_VAL18","String","1","0","0","0","0","0","0","None","''","Like","0","System","2021-04-30T00:20:54.677","System","2021-04-30T00:20:54.678") );
INSERT INTO META_ENTITY_ATTRIB (ATTRIBUTE_ID,SYSTEM_NAME,META_ENT_ID,ATTRIBUTE_NAME,TABLE_COLUMN,ATTRIBUTE_TYPE,IS_MANDATORY,IS_SEARCH,IS_AUDIT,IS_SUMMARY,IS_INTERNAL_PRIMARY,IS_PRIMARY,TEMPLATE_ENABLED,ATTRIBUTE_SCOPE,DEFAULT_EXP,OPERATOR_TYPE,IS_SERIALIZED,Created_By,Created_On,Updated_By,Updated_On) VALUES ("2201000149_20","InvestmentRealEstate_AmountPerInstallmentWords","2201000149","Amount per Installament / Rent Words","STRING_VAL19","String","1","0","0","0","0","0","0","None","''","Like","0","System","2021-04-30T00:20:54.679","System","2021-04-30T00:20:54.68") );
INSERT INTO META_ENTITY_ATTRIB (ATTRIBUTE_ID,SYSTEM_NAME,META_ENT_ID,ATTRIBUTE_NAME,TABLE_COLUMN,ATTRIBUTE_TYPE,IS_MANDATORY,IS_SEARCH,IS_AUDIT,IS_SUMMARY,IS_INTERNAL_PRIMARY,IS_PRIMARY,TEMPLATE_ENABLED,ATTRIBUTE_SCOPE,DEFAULT_EXP,OPERATOR_TYPE,IS_SERIALIZED,Created_By,Created_On,Updated_By,Updated_On) VALUES ("2201000149_21","InvestmentRealEstate_ModeOfPayment","2201000149","Mode of Payment","STRING_VAL20","String","1","0","0","0","0","0","0","None","''","Like","0","System","2021-04-30T00:20:54.681","System","2021-04-30T00:20:54.682") );
INSERT INTO META_ENTITY_ATTRIB (ATTRIBUTE_ID,SYSTEM_NAME,META_ENT_ID,ATTRIBUTE_NAME,TABLE_COLUMN,ATTRIBUTE_TYPE,IS_MANDATORY,IS_SEARCH,IS_AUDIT,IS_SUMMARY,IS_INTERNAL_PRIMARY,IS_PRIMARY,TEMPLATE_ENABLED,ATTRIBUTE_SCOPE,DEFAULT_EXP,OPERATOR_TYPE,IS_SERIALIZED,Created_By,Created_On,Updated_By,Updated_On) VALUES ("2201000149_22","InvestmentRealEstate_NumberOfTranches","2201000149","Number Of Tranches","STRING_VAL21","String","1","0","0","0","0","0","0","None","''","Like","0","System","2021-04-30T00:20:54.683","System","2021-04-30T00:20:54.683") );
INSERT INTO META_ENTITY_ATTRIB (ATTRIBUTE_ID,SYSTEM_NAME,META_ENT_ID,ATTRIBUTE_NAME,TABLE_COLUMN,ATTRIBUTE_TYPE,IS_MANDATORY,IS_SEARCH,IS_AUDIT,IS_SUMMARY,IS_INTERNAL_PRIMARY,IS_PRIMARY,TEMPLATE_ENABLED,ATTRIBUTE_SCOPE,DEFAULT_EXP,OPERATOR_TYPE,IS_SERIALIZED,Created_By,Created_On,Updated_By,Updated_On) VALUES ("2201000149_23","InvestmentRealEstate_AmountTranch_1","2201000149","Amount Tranch-1","CARD_TITLE1","String","1","0","0","0","0","0","0","None","''","Like","0","System","2021-04-30T00:20:54.684","System","2021-04-30T00:20:54.684") );
INSERT INTO META_ENTITY_ATTRIB (ATTRIBUTE_ID,SYSTEM_NAME,META_ENT_ID,ATTRIBUTE_NAME,TABLE_COLUMN,ATTRIBUTE_TYPE,IS_MANDATORY,IS_SEARCH,IS_AUDIT,IS_SUMMARY,IS_INTERNAL_PRIMARY,IS_PRIMARY,TEMPLATE_ENABLED,ATTRIBUTE_SCOPE,DEFAULT_EXP,OPERATOR_TYPE,IS_SERIALIZED,Created_By,Created_On,Updated_By,Updated_On) VALUES ("2201000149_24","InvestmentRealEstate_AmountTranch_2","2201000149","Amount Tranch-2","CARD_TITLE2","String","1","0","0","0","0","0","0","None","''","Like","0","System","2021-04-30T00:20:54.686","System","2021-04-30T00:20:54.686") );
INSERT INTO META_ENTITY_ATTRIB (ATTRIBUTE_ID,SYSTEM_NAME,META_ENT_ID,ATTRIBUTE_NAME,TABLE_COLUMN,ATTRIBUTE_TYPE,IS_MANDATORY,IS_SEARCH,IS_AUDIT,IS_SUMMARY,IS_INTERNAL_PRIMARY,IS_PRIMARY,TEMPLATE_ENABLED,ATTRIBUTE_SCOPE,DEFAULT_EXP,OPERATOR_TYPE,IS_SERIALIZED,Created_By,Created_On,Updated_By,Updated_On) VALUES ("2201000149_25","InvestmentRealEstate_AmountTranch_3","2201000149","Amount Tranch-3","CARD_TITLE3","String","1","0","0","0","0","0","0","None","''","Like","0","System","2021-04-30T00:20:54.687","System","2021-04-30T00:20:54.687") );
INSERT INTO META_ENTITY_ATTRIB (ATTRIBUTE_ID,SYSTEM_NAME,META_ENT_ID,ATTRIBUTE_NAME,TABLE_COLUMN,ATTRIBUTE_TYPE,IS_MANDATORY,IS_SEARCH,IS_AUDIT,IS_SUMMARY,IS_INTERNAL_PRIMARY,IS_PRIMARY,TEMPLATE_ENABLED,ATTRIBUTE_SCOPE,DEFAULT_EXP,OPERATOR_TYPE,IS_SERIALIZED,Created_By,Created_On,Updated_By,Updated_On) VALUES ("2201000149_26","InvestmentRealEstate_AmountTranch_4","2201000149","Amount Tranch-4","CARD_TITLE4","String","1","0","0","0","0","0","0","None","''","Like","0","System","2021-04-30T00:20:54.688","System","2021-04-30T00:20:54.688") );
INSERT INTO META_ENTITY_ATTRIB (ATTRIBUTE_ID,SYSTEM_NAME,META_ENT_ID,ATTRIBUTE_NAME,TABLE_COLUMN,ATTRIBUTE_TYPE,IS_MANDATORY,IS_SEARCH,IS_AUDIT,IS_SUMMARY,IS_INTERNAL_PRIMARY,IS_PRIMARY,TEMPLATE_ENABLED,ATTRIBUTE_SCOPE,DEFAULT_EXP,OPERATOR_TYPE,IS_SERIALIZED,Created_By,Created_On,Updated_By,Updated_On) VALUES ("2201000149_27","InvestmentRealEstate_Frequency","2201000149","Frequency","STRING_VAL22","String","1","0","0","0","0","0","0","None","''","Like","0","System","2021-04-30T00:20:54.69","System","2021-04-30T00:20:54.69") );
INSERT INTO META_VIEW (META_VIEW_ID,VIEW_NAME_PRM,SYSTEM_NAME,VIEW_NAME_SEC,VIEW_TYPE,META_ENT_ID,DIMENSION,IS_MAIN,IS_DEFAULT,IS_READ_ONLY,IS_PRIMARY_LINK,DISPLAY_ORDER,SELECT_CRITERIA,PAGE_SIZE,Created_By,Created_On,Updated_By,Updated_On) VALUES ("2201000149_001","Investment in Real Estate Form","EForm.View.InvestmentRealEstate.Detail","Investment in Real Estate Form","Detail","2201000149","0","1","1",0,1,1,"NULL",0,"System","2021-04-30T00:20:54.692","System","2021-04-30T00:20:54.695") );
INSERT INTO META_VIEW (META_VIEW_ID,VIEW_NAME_PRM,SYSTEM_NAME,VIEW_NAME_SEC,VIEW_TYPE,META_ENT_ID,DIMENSION,IS_MAIN,IS_DEFAULT,IS_READ_ONLY,IS_PRIMARY_LINK,DISPLAY_ORDER,SELECT_CRITERIA,PAGE_SIZE,Created_By,Created_On,Updated_By,Updated_On) VALUES ("2201000149_002","Investment in Real Estate","Unison.Document.EForm.InvestmentRealEstateFormSectionView","Investment in Real Estate","Section","2201000149","0x2","0","0",0,1,1,"NULL",0,"System","2021-04-30T00:20:54.696","System","2021-04-30T00:20:54.697") );
INSERT INTO META_VIEW_ATTRIB (VIEW_ATTRIB_ID,META_VIEW_ID,ATTRIBUTE_ID,SYSTEM_NAME,META_ENT_ID,IS_READ_ONLY,DISPLAY_ORDER,COMPONENT_TYPE,IS_AGGREGATED,DISPLAY_NAME_PRM,DISPLAY_NAME_SEC,IS_FOREIGN_VAL_DISPLAY,IS_POST_BACK,RENDER_AS_POPUP,Created_By,Created_On,Updated_By,Updated_On) VALUES ("2201000149_01","'2201000149_002","2201000149_01","InvestmentRealEstate_SelectRequestType","2201000149",0,1,"TextBox",0,"Select Request Type","Select Request Type",0,0,0,"System","2021-04-30T00:20:54.699","System","2021-04-30T00:20:54.7") );
INSERT INTO META_VIEW_ATTRIB (VIEW_ATTRIB_ID,META_VIEW_ID,ATTRIBUTE_ID,SYSTEM_NAME,META_ENT_ID,IS_READ_ONLY,DISPLAY_ORDER,COMPONENT_TYPE,IS_AGGREGATED,DISPLAY_NAME_PRM,DISPLAY_NAME_SEC,IS_FOREIGN_VAL_DISPLAY,IS_POST_BACK,RENDER_AS_POPUP,Created_By,Created_On,Updated_By,Updated_On) VALUES ("2201000149_02","'2201000149_002","2201000149_02","InvestmentRealEstate_UniqueRegistrationNumber","2201000149",0,3,"TextBox",0,"Unique Registration Number","Unique Registration Number",0,0,0,"System","2021-04-30T00:20:54.7","System","2021-04-30T00:20:54.701") );
INSERT INTO META_VIEW_ATTRIB (VIEW_ATTRIB_ID,META_VIEW_ID,ATTRIBUTE_ID,SYSTEM_NAME,META_ENT_ID,IS_READ_ONLY,DISPLAY_ORDER,COMPONENT_TYPE,IS_AGGREGATED,DISPLAY_NAME_PRM,DISPLAY_NAME_SEC,IS_FOREIGN_VAL_DISPLAY,IS_POST_BACK,RENDER_AS_POPUP,Created_By,Created_On,Updated_By,Updated_On) VALUES ("2201000149_03","'2201000149_002","2201000149_03","InvestmentRealEstate_RegistrationNumber","2201000149",0,5,"TextBox",0,"Registration Number","Registration Number",0,0,0,"System","2021-04-30T00:20:54.702","System","2021-04-30T00:20:54.702") );
INSERT INTO META_VIEW_ATTRIB (VIEW_ATTRIB_ID,META_VIEW_ID,ATTRIBUTE_ID,SYSTEM_NAME,META_ENT_ID,IS_READ_ONLY,DISPLAY_ORDER,COMPONENT_TYPE,IS_AGGREGATED,DISPLAY_NAME_PRM,DISPLAY_NAME_SEC,IS_FOREIGN_VAL_DISPLAY,IS_POST_BACK,RENDER_AS_POPUP,Created_By,Created_On,Updated_By,Updated_On) VALUES ("2201000149_04","'2201000149_002","2201000149_04","InvestmentRealEstate_RDAAccountNumber","2201000149",0,7,"TextBox",0,"RDA Account Number","RDA Account Number",0,0,0,"System","2021-04-30T00:20:54.703","System","2021-04-30T00:20:54.704") );
INSERT INTO META_VIEW_ATTRIB (VIEW_ATTRIB_ID,META_VIEW_ID,ATTRIBUTE_ID,SYSTEM_NAME,META_ENT_ID,IS_READ_ONLY,DISPLAY_ORDER,COMPONENT_TYPE,IS_AGGREGATED,DISPLAY_NAME_PRM,DISPLAY_NAME_SEC,IS_FOREIGN_VAL_DISPLAY,IS_POST_BACK,RENDER_AS_POPUP,Created_By,Created_On,Updated_By,Updated_On) VALUES ("2201000149_05","'2201000149_002","2201000149_05","InvestmentRealEstate_AccountTitle","2201000149",0,9,"TextBox",0,"Account Title","Account Title",0,0,0,"System","2021-04-30T00:20:54.704","System","2021-04-30T00:20:54.705") );
INSERT INTO META_VIEW_ATTRIB (VIEW_ATTRIB_ID,META_VIEW_ID,ATTRIBUTE_ID,SYSTEM_NAME,META_ENT_ID,IS_READ_ONLY,DISPLAY_ORDER,COMPONENT_TYPE,IS_AGGREGATED,DISPLAY_NAME_PRM,DISPLAY_NAME_SEC,IS_FOREIGN_VAL_DISPLAY,IS_POST_BACK,RENDER_AS_POPUP,Created_By,Created_On,Updated_By,Updated_On) VALUES ("2201000149_06","'2201000149_002","2201000149_06","InvestmentRealEstate_AccountCurrency","2201000149",0,11,"TextBox",0,"Account Currency","Account Currency",0,0,0,"System","2021-04-30T00:20:54.706","System","2021-04-30T00:20:54.706") );
INSERT INTO META_VIEW_ATTRIB (VIEW_ATTRIB_ID,META_VIEW_ID,ATTRIBUTE_ID,SYSTEM_NAME,META_ENT_ID,IS_READ_ONLY,DISPLAY_ORDER,COMPONENT_TYPE,IS_AGGREGATED,DISPLAY_NAME_PRM,DISPLAY_NAME_SEC,IS_FOREIGN_VAL_DISPLAY,IS_POST_BACK,RENDER_AS_POPUP,Created_By,Created_On,Updated_By,Updated_On) VALUES ("2201000149_07","'2201000149_002","2201000149_07","InvestmentRealEstate_SelectRequestType","2201000149",0,13,"TextBox",0,"Product Type","Product Type",0,0,0,"System","2021-04-30T00:20:54.707","System","2021-04-30T00:20:54.707") );
INSERT INTO META_VIEW_ATTRIB (VIEW_ATTRIB_ID,META_VIEW_ID,ATTRIBUTE_ID,SYSTEM_NAME,META_ENT_ID,IS_READ_ONLY,DISPLAY_ORDER,COMPONENT_TYPE,IS_AGGREGATED,DISPLAY_NAME_PRM,DISPLAY_NAME_SEC,IS_FOREIGN_VAL_DISPLAY,IS_POST_BACK,RENDER_AS_POPUP,Created_By,Created_On,Updated_By,Updated_On) VALUES ("2201000149_08","'2201000149_002","2201000149_08","InvestmentRealEstate_ProductType","2201000149",0,15,"TextBox",0,"Address of the Property","Address of the Property",0,0,0,"System","2021-04-30T00:20:54.708","System","2021-04-30T00:20:54.709") );
INSERT INTO META_VIEW_ATTRIB (VIEW_ATTRIB_ID,META_VIEW_ID,ATTRIBUTE_ID,SYSTEM_NAME,META_ENT_ID,IS_READ_ONLY,DISPLAY_ORDER,COMPONENT_TYPE,IS_AGGREGATED,DISPLAY_NAME_PRM,DISPLAY_NAME_SEC,IS_FOREIGN_VAL_DISPLAY,IS_POST_BACK,RENDER_AS_POPUP,Created_By,Created_On,Updated_By,Updated_On) VALUES ("2201000149_09","'2201000149_002","2201000149_09","InvestmentRealEstate_AddressOfProperty","2201000149",0,17,"TextBox",0,"Select Request Type","Select Request Type",0,0,0,"System","2021-04-30T00:20:54.71","System","2021-04-30T00:20:54.711") );
INSERT INTO META_VIEW_ATTRIB (VIEW_ATTRIB_ID,META_VIEW_ID,ATTRIBUTE_ID,SYSTEM_NAME,META_ENT_ID,IS_READ_ONLY,DISPLAY_ORDER,COMPONENT_TYPE,IS_AGGREGATED,DISPLAY_NAME_PRM,DISPLAY_NAME_SEC,IS_FOREIGN_VAL_DISPLAY,IS_POST_BACK,RENDER_AS_POPUP,Created_By,Created_On,Updated_By,Updated_On) VALUES ("2201000149_10","'2201000149_002","2201000149_10","InvestmentRealEstate_DateOfSale","2201000149",0,19,"TextBox",0,"Date of Sales agreement","Date of Sales agreement",0,0,0,"System","2021-04-30T00:20:54.712","System","2021-04-30T00:20:54.712") );
INSERT INTO META_VIEW_ATTRIB (VIEW_ATTRIB_ID,META_VIEW_ID,ATTRIBUTE_ID,SYSTEM_NAME,META_ENT_ID,IS_READ_ONLY,DISPLAY_ORDER,COMPONENT_TYPE,IS_AGGREGATED,DISPLAY_NAME_PRM,DISPLAY_NAME_SEC,IS_FOREIGN_VAL_DISPLAY,IS_POST_BACK,RENDER_AS_POPUP,Created_By,Created_On,Updated_By,Updated_On) VALUES ("2201000149_11","'2201000149_002","2201000149_11","InvestmentRealEstate_PropertyValue_1","2201000149",0,21,"TextBox",0,"Property Value as per Valuation Report-1","Property Value as per Valuation Report-1",0,0,0,"System","2021-04-30T00:20:54.713","System","2021-04-30T00:20:54.713") );
INSERT INTO META_VIEW_ATTRIB (VIEW_ATTRIB_ID,META_VIEW_ID,ATTRIBUTE_ID,SYSTEM_NAME,META_ENT_ID,IS_READ_ONLY,DISPLAY_ORDER,COMPONENT_TYPE,IS_AGGREGATED,DISPLAY_NAME_PRM,DISPLAY_NAME_SEC,IS_FOREIGN_VAL_DISPLAY,IS_POST_BACK,RENDER_AS_POPUP,Created_By,Created_On,Updated_By,Updated_On) VALUES ("2201000149_12","'2201000149_002","2201000149_12","InvestmentRealEstate_NameOfValuator_1","2201000149",0,23,"TextBox",0,"Name of the Valuator -1","Name of the Valuator -1",0,0,0,"System","2021-04-30T00:20:54.714","System","2021-04-30T00:20:54.714") );
INSERT INTO META_VIEW_ATTRIB (VIEW_ATTRIB_ID,META_VIEW_ID,ATTRIBUTE_ID,SYSTEM_NAME,META_ENT_ID,IS_READ_ONLY,DISPLAY_ORDER,COMPONENT_TYPE,IS_AGGREGATED,DISPLAY_NAME_PRM,DISPLAY_NAME_SEC,IS_FOREIGN_VAL_DISPLAY,IS_POST_BACK,RENDER_AS_POPUP,Created_By,Created_On,Updated_By,Updated_On) VALUES ("2201000149_13","'2201000149_002","2201000149_13","InvestmentRealEstate_PropertyValue_2","2201000149",0,25,"TextBox",0,"Property Value as per Valuation Report - 2","Property Value as per Valuation Report - 2",0,0,0,"System","2021-04-30T00:20:54.715","System","2021-04-30T00:20:54.715") );
INSERT INTO META_VIEW_ATTRIB (VIEW_ATTRIB_ID,META_VIEW_ID,ATTRIBUTE_ID,SYSTEM_NAME,META_ENT_ID,IS_READ_ONLY,DISPLAY_ORDER,COMPONENT_TYPE,IS_AGGREGATED,DISPLAY_NAME_PRM,DISPLAY_NAME_SEC,IS_FOREIGN_VAL_DISPLAY,IS_POST_BACK,RENDER_AS_POPUP,Created_By,Created_On,Updated_By,Updated_On) VALUES ("2201000149_13","'2201000149_002","2201000149_13","InvestmentRealEstate_NameOfValuator_2","2201000149",0,25,"TextBox",0,"Name of the Valuator -2","Name of the Valuator -2",0,0,0,"System","2021-04-30T00:20:54.716","System","2021-04-30T00:20:54.717") );
INSERT INTO META_VIEW_ATTRIB (VIEW_ATTRIB_ID,META_VIEW_ID,ATTRIBUTE_ID,SYSTEM_NAME,META_ENT_ID,IS_READ_ONLY,DISPLAY_ORDER,COMPONENT_TYPE,IS_AGGREGATED,DISPLAY_NAME_PRM,DISPLAY_NAME_SEC,IS_FOREIGN_VAL_DISPLAY,IS_POST_BACK,RENDER_AS_POPUP,Created_By,Created_On,Updated_By,Updated_On) VALUES ("2201000149_14","'2201000149_002","2201000149_14","InvestmentRealEstate_CounterPartyType","2201000149",0,2,"TextBox",0,"Counter Party Type","Counter Party Type",0,0,0,"System","2021-04-30T00:20:54.717","System","2021-04-30T00:20:54.717") );
INSERT INTO META_VIEW_ATTRIB (VIEW_ATTRIB_ID,META_VIEW_ID,ATTRIBUTE_ID,SYSTEM_NAME,META_ENT_ID,IS_READ_ONLY,DISPLAY_ORDER,COMPONENT_TYPE,IS_AGGREGATED,DISPLAY_NAME_PRM,DISPLAY_NAME_SEC,IS_FOREIGN_VAL_DISPLAY,IS_POST_BACK,RENDER_AS_POPUP,Created_By,Created_On,Updated_By,Updated_On) VALUES ("2201000149_15","'2201000149_002","2201000149_15","InvestmentRealEstate_NameOfCounterParty","2201000149",0,4,"TextBox",0,"Name of the Counter Party","Name of the Counter Party",0,0,0,"System","2021-04-30T00:20:54.718","System","2021-04-30T00:20:54.718") );
INSERT INTO META_VIEW_ATTRIB (VIEW_ATTRIB_ID,META_VIEW_ID,ATTRIBUTE_ID,SYSTEM_NAME,META_ENT_ID,IS_READ_ONLY,DISPLAY_ORDER,COMPONENT_TYPE,IS_AGGREGATED,DISPLAY_NAME_PRM,DISPLAY_NAME_SEC,IS_FOREIGN_VAL_DISPLAY,IS_POST_BACK,RENDER_AS_POPUP,Created_By,Created_On,Updated_By,Updated_On) VALUES ("2201000149_16","'2201000149_002","2201000149_16","InvestmentRealEstate_CNICOfCounterParty","2201000149",0,6,"TextBox",0,"CNIC / NTN number of the Counter Party","CNIC / NTN number of the Counter Party",0,0,0,"System","2021-04-30T00:20:54.719","System","2021-04-30T00:20:54.719") );
INSERT INTO META_VIEW_ATTRIB (VIEW_ATTRIB_ID,META_VIEW_ID,ATTRIBUTE_ID,SYSTEM_NAME,META_ENT_ID,IS_READ_ONLY,DISPLAY_ORDER,COMPONENT_TYPE,IS_AGGREGATED,DISPLAY_NAME_PRM,DISPLAY_NAME_SEC,IS_FOREIGN_VAL_DISPLAY,IS_POST_BACK,RENDER_AS_POPUP,Created_By,Created_On,Updated_By,Updated_On) VALUES ("2201000149_17","'2201000149_002","2201000149_17","InvestmentRealEstate_TotalAmountInvestmentFigures","2201000149",0,10,"TextBox",0,"Total Amount of Investment Figures","Total Amount of Investment Figures",0,0,0,"System","2021-04-30T00:20:54.72","System","2021-04-30T00:20:54.72") );
INSERT INTO META_VIEW_ATTRIB (VIEW_ATTRIB_ID,META_VIEW_ID,ATTRIBUTE_ID,SYSTEM_NAME,META_ENT_ID,IS_READ_ONLY,DISPLAY_ORDER,COMPONENT_TYPE,IS_AGGREGATED,DISPLAY_NAME_PRM,DISPLAY_NAME_SEC,IS_FOREIGN_VAL_DISPLAY,IS_POST_BACK,RENDER_AS_POPUP,Created_By,Created_On,Updated_By,Updated_On) VALUES ("2201000149_18","'2201000149_002","2201000149_18","InvestmentRealEstate_TotalAmountInvestmentWords","2201000149",0,12,"TextBox",0,"Total Amount of Investment Words","Total Amount of Investment Words",0,0,0,"System","2021-04-30T00:20:54.72","System","2021-04-30T00:20:54.721") );
INSERT INTO META_VIEW_ATTRIB (VIEW_ATTRIB_ID,META_VIEW_ID,ATTRIBUTE_ID,SYSTEM_NAME,META_ENT_ID,IS_READ_ONLY,DISPLAY_ORDER,COMPONENT_TYPE,IS_AGGREGATED,DISPLAY_NAME_PRM,DISPLAY_NAME_SEC,IS_FOREIGN_VAL_DISPLAY,IS_POST_BACK,RENDER_AS_POPUP,Created_By,Created_On,Updated_By,Updated_On) VALUES ("2201000149_19","'2201000149_002","2201000149_19","InvestmentRealEstate_AmountPerInstallmentFigures","2201000149",0,14,"TextBox",0,"Amount per installament / Rent Figures","Amount per installament / Rent Figures",0,0,0,"System","2021-04-30T00:20:54.721","System","2021-04-30T00:20:54.722") );
INSERT INTO META_VIEW_ATTRIB (VIEW_ATTRIB_ID,META_VIEW_ID,ATTRIBUTE_ID,SYSTEM_NAME,META_ENT_ID,IS_READ_ONLY,DISPLAY_ORDER,COMPONENT_TYPE,IS_AGGREGATED,DISPLAY_NAME_PRM,DISPLAY_NAME_SEC,IS_FOREIGN_VAL_DISPLAY,IS_POST_BACK,RENDER_AS_POPUP,Created_By,Created_On,Updated_By,Updated_On) VALUES ("2201000149_20","'2201000149_002","2201000149_20","InvestmentRealEstate_AmountPerInstallmentWords","2201000149",0,16,"TextBox",0,"Amount per installament / Rent Words","Amount per installament / Rent Words",0,0,0,"System","2021-04-30T00:20:54.722","System","2021-04-30T00:20:54.722") );
INSERT INTO META_VIEW_ATTRIB (VIEW_ATTRIB_ID,META_VIEW_ID,ATTRIBUTE_ID,SYSTEM_NAME,META_ENT_ID,IS_READ_ONLY,DISPLAY_ORDER,COMPONENT_TYPE,IS_AGGREGATED,DISPLAY_NAME_PRM,DISPLAY_NAME_SEC,IS_FOREIGN_VAL_DISPLAY,IS_POST_BACK,RENDER_AS_POPUP,Created_By,Created_On,Updated_By,Updated_On) VALUES ("2201000149_21","'2201000149_002","2201000149_21","InvestmentRealEstate_ModeOfPayment","2201000149",0,27,"TextBox",0,"Mode of Payment","Mode of Payment",0,0,0,"System","2021-04-30T00:20:54.723","System","2021-04-30T00:20:54.723") );
INSERT INTO META_VIEW_ATTRIB (VIEW_ATTRIB_ID,META_VIEW_ID,ATTRIBUTE_ID,SYSTEM_NAME,META_ENT_ID,IS_READ_ONLY,DISPLAY_ORDER,COMPONENT_TYPE,IS_AGGREGATED,DISPLAY_NAME_PRM,DISPLAY_NAME_SEC,IS_FOREIGN_VAL_DISPLAY,IS_POST_BACK,RENDER_AS_POPUP,Created_By,Created_On,Updated_By,Updated_On) VALUES ("2201000149_2@","'2201000149_002","2201000149_22","InvestmentRealEstate_NumberOfTranches","2201000149",0,18,"TextBox",0,"Number Of Tranches","Number Of Tranches",0,0,0,"System","2021-04-30T00:20:54.723","System","2021-04-30T00:20:54.724") );
INSERT INTO META_VIEW_ATTRIB (VIEW_ATTRIB_ID,META_VIEW_ID,ATTRIBUTE_ID,SYSTEM_NAME,META_ENT_ID,IS_READ_ONLY,DISPLAY_ORDER,COMPONENT_TYPE,IS_AGGREGATED,DISPLAY_NAME_PRM,DISPLAY_NAME_SEC,IS_FOREIGN_VAL_DISPLAY,IS_POST_BACK,RENDER_AS_POPUP,Created_By,Created_On,Updated_By,Updated_On) VALUES ("2201000149_23","'2201000149_002","2201000149_23","InvestmentRealEstate_AmountTranch_1","2201000149",0,20,"TextBox",0,"Amount Tranch-1","Amount Tranch-1",0,0,0,"System","2021-04-30T00:20:54.724","System","2021-04-30T00:20:54.725") );
INSERT INTO META_VIEW_ATTRIB (VIEW_ATTRIB_ID,META_VIEW_ID,ATTRIBUTE_ID,SYSTEM_NAME,META_ENT_ID,IS_READ_ONLY,DISPLAY_ORDER,COMPONENT_TYPE,IS_AGGREGATED,DISPLAY_NAME_PRM,DISPLAY_NAME_SEC,IS_FOREIGN_VAL_DISPLAY,IS_POST_BACK,RENDER_AS_POPUP,Created_By,Created_On,Updated_By,Updated_On) VALUES ("2201000149_24","'2201000149_002","2201000149_24","InvestmentRealEstate_AmountTranch_2","2201000149",0,22,"TextBox",0,"Amount Tranch-2","Amount Tranch-2",0,0,0,"System","2021-04-30T00:20:54.726","System","2021-04-30T00:20:54.726") );
INSERT INTO META_VIEW_ATTRIB (VIEW_ATTRIB_ID,META_VIEW_ID,ATTRIBUTE_ID,SYSTEM_NAME,META_ENT_ID,IS_READ_ONLY,DISPLAY_ORDER,COMPONENT_TYPE,IS_AGGREGATED,DISPLAY_NAME_PRM,DISPLAY_NAME_SEC,IS_FOREIGN_VAL_DISPLAY,IS_POST_BACK,RENDER_AS_POPUP,Created_By,Created_On,Updated_By,Updated_On) VALUES ("2201000149_25","'2201000149_002","2201000149_25","InvestmentRealEstate_AmountTranch_3","2201000149",0,24,"TextBox",0,"Amount Tranch-3","Amount Tranch-3",0,0,0,"System","2021-04-30T00:20:54.728","System","2021-04-30T00:20:54.728") );
INSERT INTO META_VIEW_ATTRIB (VIEW_ATTRIB_ID,META_VIEW_ID,ATTRIBUTE_ID,SYSTEM_NAME,META_ENT_ID,IS_READ_ONLY,DISPLAY_ORDER,COMPONENT_TYPE,IS_AGGREGATED,DISPLAY_NAME_PRM,DISPLAY_NAME_SEC,IS_FOREIGN_VAL_DISPLAY,IS_POST_BACK,RENDER_AS_POPUP,Created_By,Created_On,Updated_By,Updated_On) VALUES ("2201000149_26","'2201000149_002","2201000149_26","InvestmentRealEstate_AmountTranch_4","2201000149",0,26,"TextBox",0,"Amount Tranch-4","Amount Tranch-4",0,0,0,"System","2021-04-30T00:20:54.729","System","2021-04-30T00:20:54.729") );
INSERT INTO META_VIEW_ATTRIB (VIEW_ATTRIB_ID,META_VIEW_ID,ATTRIBUTE_ID,SYSTEM_NAME,META_ENT_ID,IS_READ_ONLY,DISPLAY_ORDER,COMPONENT_TYPE,IS_AGGREGATED,DISPLAY_NAME_PRM,DISPLAY_NAME_SEC,IS_FOREIGN_VAL_DISPLAY,IS_POST_BACK,RENDER_AS_POPUP,Created_By,Created_On,Updated_By,Updated_On) VALUES ("2201000149_27","'2201000149_002","2201000149_27","InvestmentRealEstate_Frequency","2201000149",0,8,"TextBox",0,"Frequency","Frequency",0,0,0,"System","2021-04-30T00:20:54.729","System","2021-04-30T00:20:54.729") );

